<?xml version="1.0" encoding="UTF-8"?>
<!-- Created with BasicAirData GPS Logger for Android - ver. 3.2.3 -->
<!-- Track 5 = 799 TrackPoints + 15 Placemarks -->

<!-- Track Statistics (based on Total Time | Time in Movement): -->
<!--  Distance = 6.78 km -->
<!--  Duration = 13:30 | 13:22 -->
<!--  Altitude Gap = -15 m -->
<!--  Max Speed = 56 km/h -->
<!--  Avg Speed = 30.1 | 30.5 km/h -->
<!--  Direction = SSE -->
<!--  Activity = car -->
<!--  Altitudes = Raw -->

<gpx version="1.0"
     creator="BasicAirData GPS Logger 3.2.3"
     xmlns="http://www.topografix.com/GPX/1/0"
     xmlns:xsi="http://www.w3.org/2001/XMLSchema-instance"
     xsi:schemaLocation="http://www.topografix.com/GPX/1/0 http://www.topografix.com/GPX/1/0/gpx.xsd">
<name>GPS Logger 20260410-143130</name>
<desc>Track 3</desc>
<time>2026-04-10T11:46:35Z</time>
<keywords>car</keywords>
<bounds minlat="31.69752521" minlon="34.99408004" maxlat="31.71363335" maxlon="35.00597882" />

<wpt lat="31.71289645" lon="34.99785885"><ele>424.000</ele><time>2026-04-10T11:31:30.002Z</time><name>Stop</name><sat>27</sat></wpt>

<wpt lat="31.70940409" lon="34.99814761"><ele>416.000</ele><time>2026-04-10T11:32:47Z</time><name>Stop No Passangers</name><sat>32</sat></wpt>

<wpt lat="31.71094565" lon="34.99590838"><ele>413.000</ele><time>2026-04-10T11:33:27Z</time><name>Stop No Passangers</name><sat>30</sat></wpt>

<wpt lat="31.70829806" lon="34.99606127"><ele>379.000</ele><time>2026-04-10T11:34:37Z</time><name>Stop No Passangers</name><sat>37</sat></wpt>

<wpt lat="31.71134295" lon="35.00226832"><ele>411.000</ele><time>2026-04-10T11:36:27Z</time><name>Stop No Passangers</name><sat>20</sat></wpt>

<wpt lat="31.71262756" lon="35.00292052"><ele>387.000</ele><time>2026-04-10T11:37:10Z</time><name>Stop</name><sat>17</sat></wpt>

<wpt lat="31.71098416" lon="35.00270703"><ele>382.000</ele><time>2026-04-10T11:37:32Z</time><name>Stop No Passangers</name><sat>29</sat></wpt>

<wpt lat="31.70591131" lon="35.00457779"><ele>373.000</ele><time>2026-04-10T11:38:55Z</time><name>Stop</name><sat>27</sat></wpt>

<wpt lat="31.70428970" lon="35.00430169"><ele>394.000</ele><time>2026-04-10T11:39:46Z</time><name>Stop No Passangers</name><sat>31</sat></wpt>

<wpt lat="31.70297965" lon="35.00565712"><ele>401.000</ele><time>2026-04-10T11:40:10Z</time><name>Stop No Passangers</name><sat>28</sat></wpt>

<wpt lat="31.70261119" lon="35.00322302"><ele>423.000</ele><time>2026-04-10T11:41:24Z</time><name>Stop No Passangers</name><sat>31</sat></wpt>

<wpt lat="31.70499290" lon="35.00171989"><ele>421.000</ele><time>2026-04-10T11:42:27Z</time><name>Stop No Passangers</name><sat>30</sat></wpt>

<wpt lat="31.70340617" lon="35.00096586"><ele>414.000</ele><time>2026-04-10T11:43:19Z</time><name>Stop No Passangers</name><sat>31</sat></wpt>

<wpt lat="31.70182165" lon="35.00278599"><ele>409.000</ele><time>2026-04-10T11:43:47Z</time><name>Stop No Passangers</name><sat>32</sat></wpt>

<wpt lat="31.69997219" lon="35.00410245"><ele>419.000</ele><time>2026-04-10T11:44:12Z</time><name>Stop No Passangers</name><sat>26</sat></wpt>

<trk>
 <name>Track 20260410-143130</name>
 <trkseg>
  <trkpt lat="31.71289645" lon="34.99785885"><ele>424.000</ele><time>2026-04-10T11:31:30.002Z</time><speed>0.440</speed><sat>27</sat></trkpt>
  <trkpt lat="31.71291376" lon="34.99789397"><ele>432.000</ele><time>2026-04-10T11:31:31.003Z</time><speed>0.240</speed><sat>27</sat></trkpt>
  <trkpt lat="31.71286623" lon="34.99784259"><ele>411.000</ele><time>2026-04-10T11:31:33Z</time><speed>0.410</speed><sat>30</sat></trkpt>
  <trkpt lat="31.71287453" lon="34.99783320"><ele>410.000</ele><time>2026-04-10T11:31:34Z</time><speed>0.260</speed><sat>29</sat></trkpt>
  <trkpt lat="31.71287923" lon="34.99781946"><ele>411.000</ele><time>2026-04-10T11:31:35Z</time><speed>0.190</speed><sat>29</sat></trkpt>
  <trkpt lat="31.71288677" lon="34.99781594"><ele>413.000</ele><time>2026-04-10T11:31:36Z</time><speed>0.320</speed><sat>29</sat></trkpt>
  <trkpt lat="31.71287805" lon="34.99782893"><ele>415.000</ele><time>2026-04-10T11:31:37Z</time><speed>0.890</speed><sat>29</sat></trkpt>
  <trkpt lat="31.71288141" lon="34.99784335"><ele>417.000</ele><time>2026-04-10T11:31:38Z</time><speed>1.580</speed><sat>29</sat></trkpt>
  <trkpt lat="31.71288455" lon="34.99786430"><ele>419.000</ele><time>2026-04-10T11:31:39Z</time><speed>1.760</speed><sat>28</sat></trkpt>
  <trkpt lat="31.71289708" lon="34.99790135"><ele>420.000</ele><time>2026-04-10T11:31:40Z</time><speed>3.670</speed><sat>27</sat></trkpt>
  <trkpt lat="31.71291301" lon="34.99794871"><ele>421.000</ele><time>2026-04-10T11:31:41Z</time><speed>4.010</speed><sat>27</sat></trkpt>
  <trkpt lat="31.71292562" lon="34.99801786"><ele>422.000</ele><time>2026-04-10T11:31:42Z</time><speed>4.060</speed><sat>28</sat></trkpt>
  <trkpt lat="31.71291695" lon="34.99806169"><ele>421.000</ele><time>2026-04-10T11:31:43Z</time><speed>4.330</speed><sat>27</sat></trkpt>
  <trkpt lat="31.71289842" lon="34.99811400"><ele>421.000</ele><time>2026-04-10T11:31:44Z</time><speed>4.550</speed><sat>24</sat></trkpt>
  <trkpt lat="31.71287638" lon="34.99816605"><ele>421.000</ele><time>2026-04-10T11:31:45Z</time><speed>5.610</speed><sat>27</sat></trkpt>
  <trkpt lat="31.71281578" lon="34.99817418"><ele>421.000</ele><time>2026-04-10T11:31:46Z</time><speed>6.170</speed><sat>26</sat></trkpt>
  <trkpt lat="31.71275413" lon="34.99817150"><ele>422.000</ele><time>2026-04-10T11:31:47Z</time><speed>6.230</speed><sat>28</sat></trkpt>
  <trkpt lat="31.71269658" lon="34.99816907"><ele>424.000</ele><time>2026-04-10T11:31:48Z</time><speed>6.860</speed><sat>30</sat></trkpt>
  <trkpt lat="31.71263766" lon="34.99814166"><ele>426.000</ele><time>2026-04-10T11:31:49Z</time><speed>6.640</speed><sat>29</sat></trkpt>
  <trkpt lat="31.71258251" lon="34.99812213"><ele>429.000</ele><time>2026-04-10T11:31:50Z</time><speed>6.730</speed><sat>29</sat></trkpt>
  <trkpt lat="31.71252086" lon="34.99808332"><ele>429.000</ele><time>2026-04-10T11:31:51Z</time><speed>7.850</speed><sat>28</sat></trkpt>
  <trkpt lat="31.71243930" lon="34.99804200"><ele>430.000</ele><time>2026-04-10T11:31:52Z</time><speed>8.810</speed><sat>29</sat></trkpt>
  <trkpt lat="31.71235557" lon="34.99800042"><ele>430.000</ele><time>2026-04-10T11:31:53Z</time><speed>8.830</speed><sat>28</sat></trkpt>
  <trkpt lat="31.71227087" lon="34.99794242"><ele>429.000</ele><time>2026-04-10T11:31:54Z</time><speed>10.020</speed><sat>26</sat></trkpt>
  <trkpt lat="31.71218826" lon="34.99788735"><ele>428.000</ele><time>2026-04-10T11:31:55Z</time><speed>10.170</speed><sat>28</sat></trkpt>
  <trkpt lat="31.71210491" lon="34.99783228"><ele>429.000</ele><time>2026-04-10T11:31:56Z</time><speed>10.070</speed><sat>26</sat></trkpt>
  <trkpt lat="31.71200357" lon="34.99777453"><ele>429.000</ele><time>2026-04-10T11:31:57Z</time><speed>10.410</speed><sat>31</sat></trkpt>
  <trkpt lat="31.71190361" lon="34.99772415"><ele>428.000</ele><time>2026-04-10T11:31:58Z</time><speed>10.950</speed><sat>28</sat></trkpt>
  <trkpt lat="31.71179859" lon="34.99768577"><ele>427.000</ele><time>2026-04-10T11:31:59Z</time><speed>10.980</speed><sat>28</sat></trkpt>
  <trkpt lat="31.71169998" lon="34.99765643"><ele>427.000</ele><time>2026-04-10T11:32:00Z</time><speed>10.970</speed><sat>28</sat></trkpt>
  <trkpt lat="31.71159022" lon="34.99763162"><ele>427.000</ele><time>2026-04-10T11:32:01Z</time><speed>10.890</speed><sat>25</sat></trkpt>
  <trkpt lat="31.71148536" lon="34.99761921"><ele>426.000</ele><time>2026-04-10T11:32:02Z</time><speed>10.860</speed><sat>26</sat></trkpt>
  <trkpt lat="31.71138553" lon="34.99760396"><ele>426.000</ele><time>2026-04-10T11:32:03Z</time><speed>11.120</speed><sat>29</sat></trkpt>
  <trkpt lat="31.71127837" lon="34.99761251"><ele>425.000</ele><time>2026-04-10T11:32:04Z</time><speed>10.910</speed><sat>31</sat></trkpt>
  <trkpt lat="31.71117112" lon="34.99763430"><ele>425.000</ele><time>2026-04-10T11:32:05Z</time><speed>10.950</speed><sat>29</sat></trkpt>
  <trkpt lat="31.71106895" lon="34.99765861"><ele>424.000</ele><time>2026-04-10T11:32:06Z</time><speed>11.040</speed><sat>29</sat></trkpt>
  <trkpt lat="31.71096107" lon="34.99768124"><ele>422.000</ele><time>2026-04-10T11:32:07Z</time><speed>10.020</speed><sat>32</sat></trkpt>
  <trkpt lat="31.71087679" lon="34.99771351"><ele>421.000</ele><time>2026-04-10T11:32:08Z</time><speed>9.220</speed><sat>33</sat></trkpt>
  <trkpt lat="31.71080621" lon="34.99774159"><ele>419.000</ele><time>2026-04-10T11:32:09Z</time><speed>7.700</speed><sat>31</sat></trkpt>
  <trkpt lat="31.71075035" lon="34.99777487"><ele>419.000</ele><time>2026-04-10T11:32:10Z</time><speed>6.340</speed><sat>30</sat></trkpt>
  <trkpt lat="31.71069704" lon="34.99781108"><ele>420.000</ele><time>2026-04-10T11:32:11Z</time><speed>5.250</speed><sat>29</sat></trkpt>
  <trkpt lat="31.71065387" lon="34.99784737"><ele>420.000</ele><time>2026-04-10T11:32:12Z</time><speed>5.510</speed><sat>26</sat></trkpt>
  <trkpt lat="31.71060388" lon="34.99788827"><ele>421.000</ele><time>2026-04-10T11:32:13Z</time><speed>6.790</speed><sat>26</sat></trkpt>
  <trkpt lat="31.71055132" lon="34.99795315"><ele>421.000</ele><time>2026-04-10T11:32:14Z</time><speed>7.380</speed><sat>30</sat></trkpt>
  <trkpt lat="31.71050095" lon="34.99801610"><ele>422.000</ele><time>2026-04-10T11:32:15Z</time><speed>7.490</speed><sat>29</sat></trkpt>
  <trkpt lat="31.71045874" lon="34.99807091"><ele>422.000</ele><time>2026-04-10T11:32:16Z</time><speed>7.320</speed><sat>27</sat></trkpt>
  <trkpt lat="31.71041905" lon="34.99810788"><ele>421.000</ele><time>2026-04-10T11:32:17Z</time><speed>3.970</speed><sat>28</sat></trkpt>
  <trkpt lat="31.71038716" lon="34.99810930"><ele>422.000</ele><time>2026-04-10T11:32:18Z</time><speed>3.640</speed><sat>25</sat></trkpt>
  <trkpt lat="31.71036583" lon="34.99810763"><ele>422.000</ele><time>2026-04-10T11:32:19Z</time><speed>1.870</speed><sat>30</sat></trkpt>
  <trkpt lat="31.71035242" lon="34.99809572"><ele>422.000</ele><time>2026-04-10T11:32:20Z</time><speed>2.890</speed><sat>29</sat></trkpt>
  <trkpt lat="31.71031835" lon="34.99807360"><ele>422.000</ele><time>2026-04-10T11:32:21Z</time><speed>4.480</speed><sat>31</sat></trkpt>
  <trkpt lat="31.71026889" lon="34.99805524"><ele>422.000</ele><time>2026-04-10T11:32:22Z</time><speed>5.690</speed><sat>30</sat></trkpt>
  <trkpt lat="31.71021407" lon="34.99804543"><ele>422.000</ele><time>2026-04-10T11:32:23Z</time><speed>6.360</speed><sat>26</sat></trkpt>
  <trkpt lat="31.71015025" lon="34.99804585"><ele>422.000</ele><time>2026-04-10T11:32:24Z</time><speed>6.210</speed><sat>30</sat></trkpt>
  <trkpt lat="31.71008508" lon="34.99805164"><ele>421.000</ele><time>2026-04-10T11:32:25Z</time><speed>6.600</speed><sat>22</sat></trkpt>
  <trkpt lat="31.71003009" lon="34.99806270"><ele>421.000</ele><time>2026-04-10T11:32:26Z</time><speed>6.460</speed><sat>22</sat></trkpt>
  <trkpt lat="31.70997523" lon="34.99808349"><ele>420.000</ele><time>2026-04-10T11:32:27Z</time><speed>6.530</speed><sat>24</sat></trkpt>
  <trkpt lat="31.70992188" lon="34.99812406"><ele>419.000</ele><time>2026-04-10T11:32:28Z</time><speed>7.700</speed><sat>23</sat></trkpt>
  <trkpt lat="31.70986266" lon="34.99818164"><ele>418.000</ele><time>2026-04-10T11:32:29Z</time><speed>9.090</speed><sat>31</sat></trkpt>
  <trkpt lat="31.70979661" lon="34.99826060"><ele>417.000</ele><time>2026-04-10T11:32:30Z</time><speed>8.830</speed><sat>30</sat></trkpt>
  <trkpt lat="31.70974163" lon="34.99833344"><ele>417.000</ele><time>2026-04-10T11:32:31Z</time><speed>8.880</speed><sat>32</sat></trkpt>
  <trkpt lat="31.70969503" lon="34.99841399"><ele>417.000</ele><time>2026-04-10T11:32:32Z</time><speed>8.990</speed><sat>30</sat></trkpt>
  <trkpt lat="31.70964733" lon="34.99849395"><ele>418.000</ele><time>2026-04-10T11:32:33Z</time><speed>8.600</speed><sat>30</sat></trkpt>
  <trkpt lat="31.70959025" lon="34.99857291"><ele>418.000</ele><time>2026-04-10T11:32:34Z</time><speed>8.400</speed><sat>31</sat></trkpt>
  <trkpt lat="31.70953556" lon="34.99863577"><ele>417.000</ele><time>2026-04-10T11:32:35Z</time><speed>7.690</speed><sat>31</sat></trkpt>
  <trkpt lat="31.70947672" lon="34.99868916"><ele>418.000</ele><time>2026-04-10T11:32:36Z</time><speed>7.090</speed><sat>29</sat></trkpt>
  <trkpt lat="31.70941750" lon="34.99872336"><ele>418.000</ele><time>2026-04-10T11:32:37Z</time><speed>6.690</speed><sat>29</sat></trkpt>
  <trkpt lat="31.70935870" lon="34.99873434"><ele>418.000</ele><time>2026-04-10T11:32:38Z</time><speed>7.070</speed><sat>27</sat></trkpt>
  <trkpt lat="31.70929894" lon="34.99870635"><ele>418.000</ele><time>2026-04-10T11:32:39Z</time><speed>6.070</speed><sat>28</sat></trkpt>
  <trkpt lat="31.70925577" lon="34.99865807"><ele>417.000</ele><time>2026-04-10T11:32:40Z</time><speed>5.830</speed><sat>32</sat></trkpt>
  <trkpt lat="31.70923515" lon="34.99860090"><ele>418.000</ele><time>2026-04-10T11:32:41Z</time><speed>4.960</speed><sat>32</sat></trkpt>
  <trkpt lat="31.70923427" lon="34.99854223"><ele>418.000</ele><time>2026-04-10T11:32:42Z</time><speed>5.300</speed><sat>31</sat></trkpt>
  <trkpt lat="31.70924978" lon="34.99848523"><ele>418.000</ele><time>2026-04-10T11:32:43Z</time><speed>5.680</speed><sat>31</sat></trkpt>
  <trkpt lat="31.70928041" lon="34.99841751"><ele>417.000</ele><time>2026-04-10T11:32:44Z</time><speed>7.250</speed><sat>33</sat></trkpt>
  <trkpt lat="31.70931553" lon="34.99834048"><ele>417.000</ele><time>2026-04-10T11:32:45Z</time><speed>8.380</speed><sat>33</sat></trkpt>
  <trkpt lat="31.70935862" lon="34.99825280"><ele>416.000</ele><time>2026-04-10T11:32:46Z</time><speed>10.660</speed><sat>32</sat></trkpt>
  <trkpt lat="31.70940409" lon="34.99814761"><ele>416.000</ele><time>2026-04-10T11:32:47Z</time><speed>11.790</speed><sat>32</sat></trkpt>
  <trkpt lat="31.70945493" lon="34.99803403"><ele>415.000</ele><time>2026-04-10T11:32:48Z</time><speed>12.160</speed><sat>31</sat></trkpt>
  <trkpt lat="31.70950891" lon="34.99792130"><ele>414.000</ele><time>2026-04-10T11:32:49Z</time><speed>11.850</speed><sat>30</sat></trkpt>
  <trkpt lat="31.70955991" lon="34.99781870"><ele>413.000</ele><time>2026-04-10T11:32:50Z</time><speed>10.910</speed><sat>33</sat></trkpt>
  <trkpt lat="31.70961108" lon="34.99772692"><ele>413.000</ele><time>2026-04-10T11:32:51Z</time><speed>9.040</speed><sat>33</sat></trkpt>
  <trkpt lat="31.70966125" lon="34.99764821"><ele>412.000</ele><time>2026-04-10T11:32:52Z</time><speed>9.040</speed><sat>35</sat></trkpt>
  <trkpt lat="31.70970881" lon="34.99757789"><ele>413.000</ele><time>2026-04-10T11:32:53Z</time><speed>7.840</speed><sat>28</sat></trkpt>
  <trkpt lat="31.70974917" lon="34.99751343"><ele>413.000</ele><time>2026-04-10T11:32:54Z</time><speed>7.610</speed><sat>34</sat></trkpt>
  <trkpt lat="31.70979708" lon="34.99745384"><ele>414.000</ele><time>2026-04-10T11:32:55Z</time><speed>7.810</speed><sat>33</sat></trkpt>
  <trkpt lat="31.70984996" lon="34.99740229"><ele>413.000</ele><time>2026-04-10T11:32:56Z</time><speed>7.480</speed><sat>31</sat></trkpt>
  <trkpt lat="31.70990197" lon="34.99735091"><ele>413.000</ele><time>2026-04-10T11:32:57Z</time><speed>8.020</speed><sat>32</sat></trkpt>
  <trkpt lat="31.70995583" lon="34.99729902"><ele>413.000</ele><time>2026-04-10T11:32:58Z</time><speed>8.400</speed><sat>31</sat></trkpt>
  <trkpt lat="31.71001693" lon="34.99724035"><ele>414.000</ele><time>2026-04-10T11:32:59Z</time><speed>8.900</speed><sat>26</sat></trkpt>
  <trkpt lat="31.71007783" lon="34.99718210"><ele>415.000</ele><time>2026-04-10T11:33:00Z</time><speed>9.600</speed><sat>35</sat></trkpt>
  <trkpt lat="31.71015955" lon="34.99712979"><ele>414.000</ele><time>2026-04-10T11:33:01Z</time><speed>10.700</speed><sat>32</sat></trkpt>
  <trkpt lat="31.71026173" lon="34.99708529"><ele>414.000</ele><time>2026-04-10T11:33:02Z</time><speed>11.690</speed><sat>35</sat></trkpt>
  <trkpt lat="31.71036101" lon="34.99703265"><ele>414.000</ele><time>2026-04-10T11:33:03Z</time><speed>11.980</speed><sat>30</sat></trkpt>
  <trkpt lat="31.71045975" lon="34.99697037"><ele>414.000</ele><time>2026-04-10T11:33:04Z</time><speed>11.580</speed><sat>32</sat></trkpt>
  <trkpt lat="31.71055962" lon="34.99692268"><ele>413.000</ele><time>2026-04-10T11:33:05Z</time><speed>11.610</speed><sat>30</sat></trkpt>
  <trkpt lat="31.71065664" lon="34.99687524"><ele>413.000</ele><time>2026-04-10T11:33:06Z</time><speed>11.420</speed><sat>31</sat></trkpt>
  <trkpt lat="31.71075689" lon="34.99683131"><ele>412.000</ele><time>2026-04-10T11:33:07Z</time><speed>10.890</speed><sat>31</sat></trkpt>
  <trkpt lat="31.71084557" lon="34.99680106"><ele>412.000</ele><time>2026-04-10T11:33:08Z</time><speed>10.350</speed><sat>34</sat></trkpt>
  <trkpt lat="31.71093517" lon="34.99676887"><ele>412.000</ele><time>2026-04-10T11:33:09Z</time><speed>9.540</speed><sat>33</sat></trkpt>
  <trkpt lat="31.71101735" lon="34.99675420"><ele>412.000</ele><time>2026-04-10T11:33:10Z</time><speed>8.950</speed><sat>28</sat></trkpt>
  <trkpt lat="31.71108701" lon="34.99673786"><ele>413.000</ele><time>2026-04-10T11:33:11Z</time><speed>7.630</speed><sat>30</sat></trkpt>
  <trkpt lat="31.71114136" lon="34.99673693"><ele>414.000</ele><time>2026-04-10T11:33:12Z</time><speed>6.360</speed><sat>29</sat></trkpt>
  <trkpt lat="31.71119015" lon="34.99673744"><ele>414.000</ele><time>2026-04-10T11:33:13Z</time><speed>5.510</speed><sat>30</sat></trkpt>
  <trkpt lat="31.71122849" lon="34.99672696"><ele>415.000</ele><time>2026-04-10T11:33:14Z</time><speed>4.060</speed><sat>26</sat></trkpt>
  <trkpt lat="31.71125301" lon="34.99670089"><ele>415.000</ele><time>2026-04-10T11:33:15Z</time><speed>3.830</speed><sat>25</sat></trkpt>
  <trkpt lat="31.71126211" lon="34.99665672"><ele>416.000</ele><time>2026-04-10T11:33:16Z</time><speed>3.650</speed><sat>32</sat></trkpt>
  <trkpt lat="31.71126060" lon="34.99661590"><ele>416.000</ele><time>2026-04-10T11:33:17Z</time><speed>3.560</speed><sat>32</sat></trkpt>
  <trkpt lat="31.71123290" lon="34.99658103"><ele>416.000</ele><time>2026-04-10T11:33:18Z</time><speed>4.360</speed><sat>32</sat></trkpt>
  <trkpt lat="31.71120838" lon="34.99652814"><ele>417.000</ele><time>2026-04-10T11:33:19Z</time><speed>4.400</speed><sat>31</sat></trkpt>
  <trkpt lat="31.71118030" lon="34.99648749"><ele>417.000</ele><time>2026-04-10T11:33:20Z</time><speed>4.630</speed><sat>30</sat></trkpt>
  <trkpt lat="31.71115913" lon="34.99643401"><ele>416.000</ele><time>2026-04-10T11:33:21Z</time><speed>4.450</speed><sat>30</sat></trkpt>
  <trkpt lat="31.71113307" lon="34.99639529"><ele>415.000</ele><time>2026-04-10T11:33:22Z</time><speed>4.390</speed><sat>33</sat></trkpt>
  <trkpt lat="31.71110922" lon="34.99632915"><ele>415.000</ele><time>2026-04-10T11:33:23Z</time><speed>6.260</speed><sat>30</sat></trkpt>
  <trkpt lat="31.71108500" lon="34.99623377"><ele>415.000</ele><time>2026-04-10T11:33:24Z</time><speed>7.530</speed><sat>27</sat></trkpt>
  <trkpt lat="31.71104363" lon="34.99612338"><ele>414.000</ele><time>2026-04-10T11:33:25Z</time><speed>10.240</speed><sat>31</sat></trkpt>
  <trkpt lat="31.71099074" lon="34.99601668"><ele>413.000</ele><time>2026-04-10T11:33:26Z</time><speed>10.950</speed><sat>30</sat></trkpt>
  <trkpt lat="31.71094565" lon="34.99590838"><ele>413.000</ele><time>2026-04-10T11:33:27Z</time><speed>10.450</speed><sat>30</sat></trkpt>
  <trkpt lat="31.71091602" lon="34.99580470"><ele>412.000</ele><time>2026-04-10T11:33:28Z</time><speed>10.040</speed><sat>31</sat></trkpt>
  <trkpt lat="31.71088551" lon="34.99572239"><ele>412.000</ele><time>2026-04-10T11:33:29Z</time><speed>7.620</speed><sat>32</sat></trkpt>
  <trkpt lat="31.71085940" lon="34.99564796"><ele>412.000</ele><time>2026-04-10T11:33:30Z</time><speed>7.480</speed><sat>31</sat></trkpt>
  <trkpt lat="31.71083962" lon="34.99557721"><ele>411.000</ele><time>2026-04-10T11:33:31Z</time><speed>7.410</speed><sat>31</sat></trkpt>
  <trkpt lat="31.71081766" lon="34.99550052"><ele>411.000</ele><time>2026-04-10T11:33:32Z</time><speed>8.140</speed><sat>31</sat></trkpt>
  <trkpt lat="31.71079046" lon="34.99541301"><ele>409.000</ele><time>2026-04-10T11:33:33Z</time><speed>9.830</speed><sat>31</sat></trkpt>
  <trkpt lat="31.71077378" lon="34.99530631"><ele>408.000</ele><time>2026-04-10T11:33:34Z</time><speed>10.980</speed><sat>29</sat></trkpt>
  <trkpt lat="31.71074121" lon="34.99518989"><ele>407.000</ele><time>2026-04-10T11:33:35Z</time><speed>11.520</speed><sat>28</sat></trkpt>
  <trkpt lat="31.71070634" lon="34.99507279"><ele>406.000</ele><time>2026-04-10T11:33:36Z</time><speed>11.290</speed><sat>30</sat></trkpt>
  <trkpt lat="31.71067747" lon="34.99496005"><ele>405.000</ele><time>2026-04-10T11:33:37Z</time><speed>10.910</speed><sat>31</sat></trkpt>
  <trkpt lat="31.71064796" lon="34.99486266"><ele>404.000</ele><time>2026-04-10T11:33:38Z</time><speed>10.080</speed><sat>30</sat></trkpt>
  <trkpt lat="31.71061838" lon="34.99477104"><ele>404.000</ele><time>2026-04-10T11:33:39Z</time><speed>9.290</speed><sat>29</sat></trkpt>
  <trkpt lat="31.71058284" lon="34.99469209"><ele>403.000</ele><time>2026-04-10T11:33:40Z</time><speed>7.500</speed><sat>31</sat></trkpt>
  <trkpt lat="31.71055065" lon="34.99463224"><ele>403.000</ele><time>2026-04-10T11:33:41Z</time><speed>6.620</speed><sat>29</sat></trkpt>
  <trkpt lat="31.71051771" lon="34.99456292"><ele>403.000</ele><time>2026-04-10T11:33:42Z</time><speed>6.930</speed><sat>32</sat></trkpt>
  <trkpt lat="31.71047525" lon="34.99449939"><ele>402.000</ele><time>2026-04-10T11:33:43Z</time><speed>8.330</speed><sat>31</sat></trkpt>
  <trkpt lat="31.71042371" lon="34.99442630"><ele>402.000</ele><time>2026-04-10T11:33:44Z</time><speed>8.810</speed><sat>32</sat></trkpt>
  <trkpt lat="31.71036390" lon="34.99435622"><ele>402.000</ele><time>2026-04-10T11:33:45Z</time><speed>8.730</speed><sat>31</sat></trkpt>
  <trkpt lat="31.71030527" lon="34.99430199"><ele>401.000</ele><time>2026-04-10T11:33:46Z</time><speed>8.010</speed><sat>32</sat></trkpt>
  <trkpt lat="31.71024844" lon="34.99426310"><ele>401.000</ele><time>2026-04-10T11:33:47Z</time><speed>6.960</speed><sat>32</sat></trkpt>
  <trkpt lat="31.71018679" lon="34.99421775"><ele>400.000</ele><time>2026-04-10T11:33:48Z</time><speed>7.320</speed><sat>31</sat></trkpt>
  <trkpt lat="31.71012321" lon="34.99417819"><ele>399.000</ele><time>2026-04-10T11:33:49Z</time><speed>8.160</speed><sat>31</sat></trkpt>
  <trkpt lat="31.71005344" lon="34.99414123"><ele>399.000</ele><time>2026-04-10T11:33:50Z</time><speed>8.300</speed><sat>31</sat></trkpt>
  <trkpt lat="31.70996631" lon="34.99411792"><ele>398.000</ele><time>2026-04-10T11:33:51Z</time><speed>9.500</speed><sat>31</sat></trkpt>
  <trkpt lat="31.70988236" lon="34.99409177"><ele>398.000</ele><time>2026-04-10T11:33:52Z</time><speed>9.890</speed><sat>30</sat></trkpt>
  <trkpt lat="31.70979381" lon="34.99408004"><ele>399.000</ele><time>2026-04-10T11:33:53Z</time><speed>9.210</speed><sat>31</sat></trkpt>
  <trkpt lat="31.70970760" lon="34.99408063"><ele>398.000</ele><time>2026-04-10T11:33:54Z</time><speed>9.220</speed><sat>31</sat></trkpt>
  <trkpt lat="31.70961963" lon="34.99408976"><ele>399.000</ele><time>2026-04-10T11:33:55Z</time><speed>9.390</speed><sat>31</sat></trkpt>
  <trkpt lat="31.70953313" lon="34.99411851"><ele>399.000</ele><time>2026-04-10T11:33:56Z</time><speed>8.730</speed><sat>33</sat></trkpt>
  <trkpt lat="31.70945765" lon="34.99415581"><ele>398.000</ele><time>2026-04-10T11:33:57Z</time><speed>8.420</speed><sat>33</sat></trkpt>
  <trkpt lat="31.70938925" lon="34.99419521"><ele>397.000</ele><time>2026-04-10T11:33:58Z</time><speed>8.290</speed><sat>34</sat></trkpt>
  <trkpt lat="31.70933913" lon="34.99424634"><ele>395.000</ele><time>2026-04-10T11:33:59Z</time><speed>7.340</speed><sat>34</sat></trkpt>
  <trkpt lat="31.70930154" lon="34.99431389"><ele>395.000</ele><time>2026-04-10T11:34:00Z</time><speed>7.180</speed><sat>34</sat></trkpt>
  <trkpt lat="31.70925686" lon="34.99436201"><ele>394.000</ele><time>2026-04-10T11:34:01Z</time><speed>5.830</speed><sat>34</sat></trkpt>
  <trkpt lat="31.70922006" lon="34.99440526"><ele>393.000</ele><time>2026-04-10T11:34:02Z</time><speed>5.860</speed><sat>34</sat></trkpt>
  <trkpt lat="31.70917681" lon="34.99445186"><ele>393.000</ele><time>2026-04-10T11:34:03Z</time><speed>6.420</speed><sat>34</sat></trkpt>
  <trkpt lat="31.70913574" lon="34.99449788"><ele>392.000</ele><time>2026-04-10T11:34:04Z</time><speed>6.680</speed><sat>34</sat></trkpt>
  <trkpt lat="31.70909698" lon="34.99456485"><ele>392.000</ele><time>2026-04-10T11:34:05Z</time><speed>7.530</speed><sat>34</sat></trkpt>
  <trkpt lat="31.70907271" lon="34.99464657"><ele>391.000</ele><time>2026-04-10T11:34:06Z</time><speed>7.000</speed><sat>34</sat></trkpt>
  <trkpt lat="31.70905863" lon="34.99472008"><ele>391.000</ele><time>2026-04-10T11:34:07Z</time><speed>7.050</speed><sat>33</sat></trkpt>
  <trkpt lat="31.70904966" lon="34.99480164"><ele>390.000</ele><time>2026-04-10T11:34:08Z</time><speed>7.000</speed><sat>33</sat></trkpt>
  <trkpt lat="31.70903763" lon="34.99487607"><ele>390.000</ele><time>2026-04-10T11:34:09Z</time><speed>6.380</speed><sat>35</sat></trkpt>
  <trkpt lat="31.70902489" lon="34.99495008"><ele>389.000</ele><time>2026-04-10T11:34:10Z</time><speed>6.910</speed><sat>35</sat></trkpt>
  <trkpt lat="31.70900763" lon="34.99503197"><ele>389.000</ele><time>2026-04-10T11:34:11Z</time><speed>7.920</speed><sat>35</sat></trkpt>
  <trkpt lat="31.70898877" lon="34.99512518"><ele>388.000</ele><time>2026-04-10T11:34:12Z</time><speed>9.560</speed><sat>35</sat></trkpt>
  <trkpt lat="31.70896492" lon="34.99522895"><ele>388.000</ele><time>2026-04-10T11:34:13Z</time><speed>9.850</speed><sat>35</sat></trkpt>
  <trkpt lat="31.70893370" lon="34.99532802"><ele>388.000</ele><time>2026-04-10T11:34:14Z</time><speed>9.500</speed><sat>35</sat></trkpt>
  <trkpt lat="31.70889313" lon="34.99542500"><ele>388.000</ele><time>2026-04-10T11:34:15Z</time><speed>9.180</speed><sat>32</sat></trkpt>
  <trkpt lat="31.70883492" lon="34.99549381"><ele>389.000</ele><time>2026-04-10T11:34:16Z</time><speed>8.550</speed><sat>30</sat></trkpt>
  <trkpt lat="31.70877729" lon="34.99553874"><ele>388.000</ele><time>2026-04-10T11:34:17Z</time><speed>8.260</speed><sat>31</sat></trkpt>
  <trkpt lat="31.70870584" lon="34.99555886"><ele>387.000</ele><time>2026-04-10T11:34:18Z</time><speed>7.820</speed><sat>33</sat></trkpt>
  <trkpt lat="31.70864117" lon="34.99555282"><ele>386.000</ele><time>2026-04-10T11:34:19Z</time><speed>6.610</speed><sat>31</sat></trkpt>
  <trkpt lat="31.70858585" lon="34.99554377"><ele>385.000</ele><time>2026-04-10T11:34:20Z</time><speed>5.470</speed><sat>32</sat></trkpt>
  <trkpt lat="31.70854587" lon="34.99551879"><ele>384.000</ele><time>2026-04-10T11:34:21Z</time><speed>5.200</speed><sat>32</sat></trkpt>
  <trkpt lat="31.70850702" lon="34.99546917"><ele>384.000</ele><time>2026-04-10T11:34:22Z</time><speed>5.310</speed><sat>30</sat></trkpt>
  <trkpt lat="31.70847177" lon="34.99542785"><ele>384.000</ele><time>2026-04-10T11:34:23Z</time><speed>5.210</speed><sat>33</sat></trkpt>
  <trkpt lat="31.70843552" lon="34.99539742"><ele>384.000</ele><time>2026-04-10T11:34:24Z</time><speed>4.800</speed><sat>32</sat></trkpt>
  <trkpt lat="31.70839428" lon="34.99539038"><ele>383.000</ele><time>2026-04-10T11:34:25Z</time><speed>4.850</speed><sat>34</sat></trkpt>
  <trkpt lat="31.70834914" lon="34.99539876"><ele>383.000</ele><time>2026-04-10T11:34:26Z</time><speed>4.560</speed><sat>34</sat></trkpt>
  <trkpt lat="31.70831943" lon="34.99543120"><ele>382.000</ele><time>2026-04-10T11:34:27Z</time><speed>4.960</speed><sat>36</sat></trkpt>
  <trkpt lat="31.70830061" lon="34.99546808"><ele>382.000</ele><time>2026-04-10T11:34:28Z</time><speed>4.420</speed><sat>36</sat></trkpt>
  <trkpt lat="31.70829378" lon="34.99552751"><ele>381.000</ele><time>2026-04-10T11:34:29Z</time><speed>5.010</speed><sat>35</sat></trkpt>
  <trkpt lat="31.70829588" lon="34.99558995"><ele>381.000</ele><time>2026-04-10T11:34:30Z</time><speed>5.420</speed><sat>35</sat></trkpt>
  <trkpt lat="31.70831658" lon="34.99564745"><ele>381.000</ele><time>2026-04-10T11:34:31Z</time><speed>5.190</speed><sat>37</sat></trkpt>
  <trkpt lat="31.70833703" lon="34.99570118"><ele>381.000</ele><time>2026-04-10T11:34:32Z</time><speed>5.040</speed><sat>36</sat></trkpt>
  <trkpt lat="31.70834453" lon="34.99575038"><ele>381.000</ele><time>2026-04-10T11:34:33Z</time><speed>5.290</speed><sat>35</sat></trkpt>
  <trkpt lat="31.70834093" lon="34.99581082"><ele>381.000</ele><time>2026-04-10T11:34:34Z</time><speed>6.180</speed><sat>36</sat></trkpt>
  <trkpt lat="31.70833326" lon="34.99588173"><ele>380.000</ele><time>2026-04-10T11:34:35Z</time><speed>7.990</speed><sat>37</sat></trkpt>
  <trkpt lat="31.70831696" lon="34.99597066"><ele>379.000</ele><time>2026-04-10T11:34:36Z</time><speed>8.580</speed><sat>37</sat></trkpt>
  <trkpt lat="31.70829806" lon="34.99606127"><ele>379.000</ele><time>2026-04-10T11:34:37Z</time><speed>9.300</speed><sat>37</sat></trkpt>
  <trkpt lat="31.70828175" lon="34.99616261"><ele>380.000</ele><time>2026-04-10T11:34:38Z</time><speed>10.110</speed><sat>36</sat></trkpt>
  <trkpt lat="31.70825715" lon="34.99627534"><ele>380.000</ele><time>2026-04-10T11:34:39Z</time><speed>10.590</speed><sat>36</sat></trkpt>
  <trkpt lat="31.70823817" lon="34.99638833"><ele>381.000</ele><time>2026-04-10T11:34:40Z</time><speed>11.080</speed><sat>36</sat></trkpt>
  <trkpt lat="31.70821683" lon="34.99650836"><ele>381.000</ele><time>2026-04-10T11:34:41Z</time><speed>11.560</speed><sat>37</sat></trkpt>
  <trkpt lat="31.70819676" lon="34.99663040"><ele>382.000</ele><time>2026-04-10T11:34:42Z</time><speed>11.770</speed><sat>36</sat></trkpt>
  <trkpt lat="31.70816730" lon="34.99675445"><ele>382.000</ele><time>2026-04-10T11:34:43Z</time><speed>12.250</speed><sat>37</sat></trkpt>
  <trkpt lat="31.70814429" lon="34.99688613"><ele>383.000</ele><time>2026-04-10T11:34:44Z</time><speed>12.650</speed><sat>36</sat></trkpt>
  <trkpt lat="31.70811051" lon="34.99700809"><ele>383.000</ele><time>2026-04-10T11:34:45Z</time><speed>12.670</speed><sat>36</sat></trkpt>
  <trkpt lat="31.70807702" lon="34.99714295"><ele>383.000</ele><time>2026-04-10T11:34:46Z</time><speed>13.220</speed><sat>36</sat></trkpt>
  <trkpt lat="31.70803939" lon="34.99727472"><ele>383.000</ele><time>2026-04-10T11:34:47Z</time><speed>13.310</speed><sat>36</sat></trkpt>
  <trkpt lat="31.70799807" lon="34.99741159"><ele>384.000</ele><time>2026-04-10T11:34:48Z</time><speed>13.540</speed><sat>36</sat></trkpt>
  <trkpt lat="31.70795561" lon="34.99754964"><ele>385.000</ele><time>2026-04-10T11:34:49Z</time><speed>13.730</speed><sat>35</sat></trkpt>
  <trkpt lat="31.70791039" lon="34.99769180"><ele>386.000</ele><time>2026-04-10T11:34:50Z</time><speed>13.970</speed><sat>34</sat></trkpt>
  <trkpt lat="31.70786044" lon="34.99783698"><ele>388.000</ele><time>2026-04-10T11:34:51Z</time><speed>14.470</speed><sat>36</sat></trkpt>
  <trkpt lat="31.70781325" lon="34.99798559"><ele>388.000</ele><time>2026-04-10T11:34:52Z</time><speed>14.500</speed><sat>36</sat></trkpt>
  <trkpt lat="31.70777611" lon="34.99813512"><ele>388.000</ele><time>2026-04-10T11:34:53Z</time><speed>14.620</speed><sat>35</sat></trkpt>
  <trkpt lat="31.70774129" lon="34.99829421"><ele>390.000</ele><time>2026-04-10T11:34:54Z</time><speed>14.800</speed><sat>37</sat></trkpt>
  <trkpt lat="31.70770508" lon="34.99844684"><ele>391.000</ele><time>2026-04-10T11:34:55Z</time><speed>14.960</speed><sat>37</sat></trkpt>
  <trkpt lat="31.70766405" lon="34.99860501"><ele>392.000</ele><time>2026-04-10T11:34:56Z</time><speed>15.200</speed><sat>37</sat></trkpt>
  <trkpt lat="31.70762029" lon="34.99875588"><ele>392.000</ele><time>2026-04-10T11:34:57Z</time><speed>15.240</speed><sat>37</sat></trkpt>
  <trkpt lat="31.70757730" lon="34.99891028"><ele>392.000</ele><time>2026-04-10T11:34:58Z</time><speed>15.290</speed><sat>37</sat></trkpt>
  <trkpt lat="31.70753333" lon="34.99906518"><ele>392.000</ele><time>2026-04-10T11:34:59Z</time><speed>15.540</speed><sat>37</sat></trkpt>
  <trkpt lat="31.70748820" lon="34.99922150"><ele>393.000</ele><time>2026-04-10T11:35:00Z</time><speed>15.330</speed><sat>36</sat></trkpt>
  <trkpt lat="31.70744474" lon="34.99937614"><ele>394.000</ele><time>2026-04-10T11:35:01Z</time><speed>15.270</speed><sat>37</sat></trkpt>
  <trkpt lat="31.70740957" lon="34.99952442"><ele>395.000</ele><time>2026-04-10T11:35:02Z</time><speed>15.330</speed><sat>34</sat></trkpt>
  <trkpt lat="31.70737047" lon="34.99967563"><ele>395.000</ele><time>2026-04-10T11:35:03Z</time><speed>14.990</speed><sat>36</sat></trkpt>
  <trkpt lat="31.70732848" lon="34.99982768"><ele>397.000</ele><time>2026-04-10T11:35:04Z</time><speed>14.170</speed><sat>34</sat></trkpt>
  <trkpt lat="31.70729017" lon="34.99997537"><ele>398.000</ele><time>2026-04-10T11:35:05Z</time><speed>13.230</speed><sat>35</sat></trkpt>
  <trkpt lat="31.70725753" lon="35.00009640"><ele>399.000</ele><time>2026-04-10T11:35:06Z</time><speed>12.040</speed><sat>36</sat></trkpt>
  <trkpt lat="31.70721775" lon="35.00020939"><ele>399.000</ele><time>2026-04-10T11:35:07Z</time><speed>10.410</speed><sat>36</sat></trkpt>
  <trkpt lat="31.70717513" lon="35.00030662"><ele>399.000</ele><time>2026-04-10T11:35:08Z</time><speed>9.440</speed><sat>36</sat></trkpt>
  <trkpt lat="31.70714370" lon="35.00037611"><ele>399.000</ele><time>2026-04-10T11:35:09Z</time><speed>7.160</speed><sat>37</sat></trkpt>
  <trkpt lat="31.70711734" lon="35.00043335"><ele>399.000</ele><time>2026-04-10T11:35:10Z</time><speed>5.490</speed><sat>37</sat></trkpt>
  <trkpt lat="31.70709236" lon="35.00046973"><ele>399.000</ele><time>2026-04-10T11:35:11Z</time><speed>3.620</speed><sat>37</sat></trkpt>
  <trkpt lat="31.70707300" lon="35.00049320"><ele>399.000</ele><time>2026-04-10T11:35:12Z</time><speed>1.890</speed><sat>36</sat></trkpt>
  <trkpt lat="31.70707115" lon="35.00049597"><ele>399.000</ele><time>2026-04-10T11:35:13Z</time><speed>0.410</speed><sat>30</sat></trkpt>
  <trkpt lat="31.70707296" lon="35.00049379"><ele>398.000</ele><time>2026-04-10T11:35:14Z</time><speed>0.330</speed><sat>32</sat></trkpt>
  <trkpt lat="31.70706763" lon="35.00049882"><ele>398.000</ele><time>2026-04-10T11:35:15Z</time><speed>1.610</speed><sat>37</sat></trkpt>
  <trkpt lat="31.70705041" lon="35.00051692"><ele>398.000</ele><time>2026-04-10T11:35:16Z</time><speed>3.030</speed><sat>36</sat></trkpt>
  <trkpt lat="31.70702728" lon="35.00053762"><ele>397.000</ele><time>2026-04-10T11:35:17Z</time><speed>4.120</speed><sat>37</sat></trkpt>
  <trkpt lat="31.70699060" lon="35.00056344"><ele>397.000</ele><time>2026-04-10T11:35:18Z</time><speed>5.090</speed><sat>36</sat></trkpt>
  <trkpt lat="31.70695846" lon="35.00058322"><ele>397.000</ele><time>2026-04-10T11:35:19Z</time><speed>5.400</speed><sat>37</sat></trkpt>
  <trkpt lat="31.70691869" lon="35.00062304"><ele>397.000</ele><time>2026-04-10T11:35:20Z</time><speed>5.860</speed><sat>37</sat></trkpt>
  <trkpt lat="31.70689153" lon="35.00067970"><ele>397.000</ele><time>2026-04-10T11:35:21Z</time><speed>5.550</speed><sat>36</sat></trkpt>
  <trkpt lat="31.70687439" lon="35.00073452"><ele>397.000</ele><time>2026-04-10T11:35:22Z</time><speed>5.930</speed><sat>32</sat></trkpt>
  <trkpt lat="31.70688365" lon="35.00080559"><ele>398.000</ele><time>2026-04-10T11:35:23Z</time><speed>5.970</speed><sat>32</sat></trkpt>
  <trkpt lat="31.70691316" lon="35.00086410"><ele>398.000</ele><time>2026-04-10T11:35:24Z</time><speed>6.660</speed><sat>33</sat></trkpt>
  <trkpt lat="31.70696374" lon="35.00090308"><ele>398.000</ele><time>2026-04-10T11:35:25Z</time><speed>6.670</speed><sat>33</sat></trkpt>
  <trkpt lat="31.70701952" lon="35.00092126"><ele>399.000</ele><time>2026-04-10T11:35:26Z</time><speed>7.220</speed><sat>32</sat></trkpt>
  <trkpt lat="31.70708289" lon="35.00093970"><ele>399.000</ele><time>2026-04-10T11:35:27Z</time><speed>7.090</speed><sat>33</sat></trkpt>
  <trkpt lat="31.70714165" lon="35.00095001"><ele>400.000</ele><time>2026-04-10T11:35:28Z</time><speed>6.940</speed><sat>31</sat></trkpt>
  <trkpt lat="31.70720472" lon="35.00096770"><ele>401.000</ele><time>2026-04-10T11:35:29Z</time><speed>6.260</speed><sat>30</sat></trkpt>
  <trkpt lat="31.70725983" lon="35.00099503"><ele>402.000</ele><time>2026-04-10T11:35:30Z</time><speed>7.360</speed><sat>29</sat></trkpt>
  <trkpt lat="31.70732802" lon="35.00104289"><ele>403.000</ele><time>2026-04-10T11:35:31Z</time><speed>7.700</speed><sat>26</sat></trkpt>
  <trkpt lat="31.70738380" lon="35.00109510"><ele>403.000</ele><time>2026-04-10T11:35:32Z</time><speed>7.720</speed><sat>28</sat></trkpt>
  <trkpt lat="31.70744201" lon="35.00115537"><ele>403.000</ele><time>2026-04-10T11:35:33Z</time><speed>6.780</speed><sat>29</sat></trkpt>
  <trkpt lat="31.70747885" lon="35.00120935"><ele>404.000</ele><time>2026-04-10T11:35:34Z</time><speed>5.570</speed><sat>27</sat></trkpt>
  <trkpt lat="31.70750446" lon="35.00123860"><ele>404.000</ele><time>2026-04-10T11:35:35Z</time><speed>4.320</speed><sat>34</sat></trkpt>
  <trkpt lat="31.70753241" lon="35.00126040"><ele>405.000</ele><time>2026-04-10T11:35:36Z</time><speed>3.160</speed><sat>29</sat></trkpt>
  <trkpt lat="31.70773844" lon="35.00145343"><ele>408.000</ele><time>2026-04-10T11:35:49Z</time><speed>9.350</speed><sat>22</sat></trkpt>
  <trkpt lat="31.70781375" lon="35.00150942"><ele>409.000</ele><time>2026-04-10T11:35:50Z</time><speed>10.290</speed><sat>27</sat></trkpt>
  <trkpt lat="31.70789740" lon="35.00158545"><ele>409.000</ele><time>2026-04-10T11:35:51Z</time><speed>11.450</speed><sat>18</sat></trkpt>
  <trkpt lat="31.70798503" lon="35.00165921"><ele>408.000</ele><time>2026-04-10T11:35:52Z</time><speed>11.750</speed><sat>22</sat></trkpt>
  <trkpt lat="31.70807979" lon="35.00174604"><ele>408.000</ele><time>2026-04-10T11:35:53Z</time><speed>12.640</speed><sat>25</sat></trkpt>
  <trkpt lat="31.70817199" lon="35.00182844"><ele>407.000</ele><time>2026-04-10T11:35:54Z</time><speed>12.650</speed><sat>18</sat></trkpt>
  <trkpt lat="31.70827031" lon="35.00191276"><ele>407.000</ele><time>2026-04-10T11:35:55Z</time><speed>13.600</speed><sat>19</sat></trkpt>
  <trkpt lat="31.70838824" lon="35.00198593"><ele>407.000</ele><time>2026-04-10T11:35:56Z</time><speed>13.740</speed><sat>25</sat></trkpt>
  <trkpt lat="31.70851192" lon="35.00205894"><ele>407.000</ele><time>2026-04-10T11:35:57Z</time><speed>14.180</speed><sat>23</sat></trkpt>
  <trkpt lat="31.70864247" lon="35.00210596"><ele>407.000</ele><time>2026-04-10T11:35:58Z</time><speed>14.010</speed><sat>28</sat></trkpt>
  <trkpt lat="31.70876824" lon="35.00215081"><ele>407.000</ele><time>2026-04-10T11:35:59Z</time><speed>14.170</speed><sat>23</sat></trkpt>
  <trkpt lat="31.70889765" lon="35.00215986"><ele>408.000</ele><time>2026-04-10T11:36:00Z</time><speed>13.990</speed><sat>29</sat></trkpt>
  <trkpt lat="31.70902275" lon="35.00216623"><ele>409.000</ele><time>2026-04-10T11:36:01Z</time><speed>14.330</speed><sat>29</sat></trkpt>
  <trkpt lat="31.70915645" lon="35.00216631"><ele>409.000</ele><time>2026-04-10T11:36:02Z</time><speed>13.840</speed><sat>26</sat></trkpt>
  <trkpt lat="31.70928632" lon="35.00214896"><ele>409.000</ele><time>2026-04-10T11:36:03Z</time><speed>13.680</speed><sat>30</sat></trkpt>
  <trkpt lat="31.70940723" lon="35.00213454"><ele>410.000</ele><time>2026-04-10T11:36:04Z</time><speed>13.330</speed><sat>24</sat></trkpt>
  <trkpt lat="31.70952517" lon="35.00210370"><ele>410.000</ele><time>2026-04-10T11:36:05Z</time><speed>13.380</speed><sat>25</sat></trkpt>
  <trkpt lat="31.70966883" lon="35.00205123"><ele>411.000</ele><time>2026-04-10T11:36:06Z</time><speed>12.410</speed><sat>25</sat></trkpt>
  <trkpt lat="31.70977151" lon="35.00195995"><ele>412.000</ele><time>2026-04-10T11:36:07Z</time><speed>13.360</speed><sat>30</sat></trkpt>
  <trkpt lat="31.70986526" lon="35.00191427"><ele>410.000</ele><time>2026-04-10T11:36:08Z</time><speed>13.140</speed><sat>28</sat></trkpt>
  <trkpt lat="31.70995683" lon="35.00187915"><ele>409.000</ele><time>2026-04-10T11:36:09Z</time><speed>12.410</speed><sat>26</sat></trkpt>
  <trkpt lat="31.71005478" lon="35.00183037"><ele>409.000</ele><time>2026-04-10T11:36:10Z</time><speed>12.380</speed><sat>21</sat></trkpt>
  <trkpt lat="31.71016320" lon="35.00177354"><ele>409.000</ele><time>2026-04-10T11:36:11Z</time><speed>12.680</speed><sat>27</sat></trkpt>
  <trkpt lat="31.71027082" lon="35.00172609"><ele>408.000</ele><time>2026-04-10T11:36:12Z</time><speed>12.670</speed><sat>27</sat></trkpt>
  <trkpt lat="31.71037639" lon="35.00169257"><ele>408.000</ele><time>2026-04-10T11:36:13Z</time><speed>12.410</speed><sat>29</sat></trkpt>
  <trkpt lat="31.71048858" lon="35.00165745"><ele>408.000</ele><time>2026-04-10T11:36:14Z</time><speed>12.760</speed><sat>29</sat></trkpt>
  <trkpt lat="31.71061297" lon="35.00164663"><ele>408.000</ele><time>2026-04-10T11:36:15Z</time><speed>13.350</speed><sat>24</sat></trkpt>
  <trkpt lat="31.71072663" lon="35.00163373"><ele>409.000</ele><time>2026-04-10T11:36:16Z</time><speed>12.700</speed><sat>29</sat></trkpt>
  <trkpt lat="31.71084121" lon="35.00164756"><ele>410.000</ele><time>2026-04-10T11:36:17Z</time><speed>11.350</speed><sat>30</sat></trkpt>
  <trkpt lat="31.71093685" lon="35.00166432"><ele>411.000</ele><time>2026-04-10T11:36:18Z</time><speed>10.790</speed><sat>28</sat></trkpt>
  <trkpt lat="31.71101362" lon="35.00168771"><ele>414.000</ele><time>2026-04-10T11:36:19Z</time><speed>8.710</speed><sat>22</sat></trkpt>
  <trkpt lat="31.71107749" lon="35.00172257"><ele>414.000</ele><time>2026-04-10T11:36:20Z</time><speed>7.790</speed><sat>23</sat></trkpt>
  <trkpt lat="31.71111588" lon="35.00177538"><ele>413.000</ele><time>2026-04-10T11:36:21Z</time><speed>7.090</speed><sat>25</sat></trkpt>
  <trkpt lat="31.71115918" lon="35.00183338"><ele>414.000</ele><time>2026-04-10T11:36:22Z</time><speed>7.810</speed><sat>24</sat></trkpt>
  <trkpt lat="31.71120771" lon="35.00191192"><ele>414.000</ele><time>2026-04-10T11:36:23Z</time><speed>9.070</speed><sat>20</sat></trkpt>
  <trkpt lat="31.71125272" lon="35.00200781"><ele>413.000</ele><time>2026-04-10T11:36:24Z</time><speed>9.940</speed><sat>23</sat></trkpt>
  <trkpt lat="31.71127812" lon="35.00210663"><ele>412.000</ele><time>2026-04-10T11:36:25Z</time><speed>9.100</speed><sat>22</sat></trkpt>
  <trkpt lat="31.71129932" lon="35.00218241"><ele>412.000</ele><time>2026-04-10T11:36:26Z</time><speed>8.830</speed><sat>24</sat></trkpt>
  <trkpt lat="31.71134295" lon="35.00226832"><ele>411.000</ele><time>2026-04-10T11:36:27Z</time><speed>9.280</speed><sat>20</sat></trkpt>
  <trkpt lat="31.71139534" lon="35.00234250"><ele>412.000</ele><time>2026-04-10T11:36:28Z</time><speed>8.910</speed><sat>25</sat></trkpt>
  <trkpt lat="31.71146553" lon="35.00240293"><ele>412.000</ele><time>2026-04-10T11:36:29Z</time><speed>9.230</speed><sat>24</sat></trkpt>
  <trkpt lat="31.71154588" lon="35.00243881"><ele>413.000</ele><time>2026-04-10T11:36:30Z</time><speed>9.730</speed><sat>25</sat></trkpt>
  <trkpt lat="31.71163124" lon="35.00246211"><ele>413.000</ele><time>2026-04-10T11:36:31Z</time><speed>9.780</speed><sat>25</sat></trkpt>
  <trkpt lat="31.71172491" lon="35.00247301"><ele>414.000</ele><time>2026-04-10T11:36:32Z</time><speed>9.640</speed><sat>24</sat></trkpt>
  <trkpt lat="31.71182441" lon="35.00245130"><ele>413.000</ele><time>2026-04-10T11:36:33Z</time><speed>9.870</speed><sat>26</sat></trkpt>
  <trkpt lat="31.71191698" lon="35.00243026"><ele>412.000</ele><time>2026-04-10T11:36:34Z</time><speed>10.760</speed><sat>21</sat></trkpt>
  <trkpt lat="31.71203374" lon="35.00241777"><ele>409.000</ele><time>2026-04-10T11:36:35Z</time><speed>11.350</speed><sat>24</sat></trkpt>
  <trkpt lat="31.71212988" lon="35.00239338"><ele>410.000</ele><time>2026-04-10T11:36:36Z</time><speed>11.730</speed><sat>27</sat></trkpt>
  <trkpt lat="31.71224363" lon="35.00239145"><ele>409.000</ele><time>2026-04-10T11:36:37Z</time><speed>12.500</speed><sat>24</sat></trkpt>
  <trkpt lat="31.71235175" lon="35.00237770"><ele>409.000</ele><time>2026-04-10T11:36:38Z</time><speed>13.250</speed><sat>26</sat></trkpt>
  <trkpt lat="31.71246700" lon="35.00237091"><ele>406.000</ele><time>2026-04-10T11:36:39Z</time><speed>14.050</speed><sat>26</sat></trkpt>
  <trkpt lat="31.71258812" lon="35.00234300"><ele>405.000</ele><time>2026-04-10T11:36:40Z</time><speed>14.170</speed><sat>27</sat></trkpt>
  <trkpt lat="31.71271389" lon="35.00230503"><ele>406.000</ele><time>2026-04-10T11:36:41Z</time><speed>14.220</speed><sat>26</sat></trkpt>
  <trkpt lat="31.71283862" lon="35.00227737"><ele>405.000</ele><time>2026-04-10T11:36:42Z</time><speed>14.060</speed><sat>29</sat></trkpt>
  <trkpt lat="31.71296699" lon="35.00225248"><ele>403.000</ele><time>2026-04-10T11:36:43Z</time><speed>13.370</speed><sat>29</sat></trkpt>
  <trkpt lat="31.71308471" lon="35.00221912"><ele>402.000</ele><time>2026-04-10T11:36:44Z</time><speed>12.560</speed><sat>28</sat></trkpt>
  <trkpt lat="31.71319321" lon="35.00218148"><ele>402.000</ele><time>2026-04-10T11:36:45Z</time><speed>12.620</speed><sat>29</sat></trkpt>
  <trkpt lat="31.71329572" lon="35.00216531"><ele>402.000</ele><time>2026-04-10T11:36:46Z</time><speed>10.830</speed><sat>26</sat></trkpt>
  <trkpt lat="31.71338310" lon="35.00215139"><ele>402.000</ele><time>2026-04-10T11:36:47Z</time><speed>8.660</speed><sat>21</sat></trkpt>
  <trkpt lat="31.71343742" lon="35.00214896"><ele>402.000</ele><time>2026-04-10T11:36:48Z</time><speed>7.010</speed><sat>28</sat></trkpt>
  <trkpt lat="31.71349534" lon="35.00216556"><ele>401.000</ele><time>2026-04-10T11:36:49Z</time><speed>6.270</speed><sat>24</sat></trkpt>
  <trkpt lat="31.71354605" lon="35.00220076"><ele>400.000</ele><time>2026-04-10T11:36:50Z</time><speed>6.420</speed><sat>28</sat></trkpt>
  <trkpt lat="31.71359860" lon="35.00224913"><ele>399.000</ele><time>2026-04-10T11:36:51Z</time><speed>6.270</speed><sat>28</sat></trkpt>
  <trkpt lat="31.71362719" lon="35.00229397"><ele>398.000</ele><time>2026-04-10T11:36:52Z</time><speed>5.510</speed><sat>29</sat></trkpt>
  <trkpt lat="31.71363335" lon="35.00235516"><ele>397.000</ele><time>2026-04-10T11:36:53Z</time><speed>5.670</speed><sat>27</sat></trkpt>
  <trkpt lat="31.71363209" lon="35.00241978"><ele>398.000</ele><time>2026-04-10T11:36:54Z</time><speed>5.570</speed><sat>26</sat></trkpt>
  <trkpt lat="31.71362886" lon="35.00249170"><ele>397.000</ele><time>2026-04-10T11:36:55Z</time><speed>6.500</speed><sat>26</sat></trkpt>
  <trkpt lat="31.71361885" lon="35.00256898"><ele>396.000</ele><time>2026-04-10T11:36:56Z</time><speed>7.160</speed><sat>25</sat></trkpt>
  <trkpt lat="31.71358192" lon="35.00263821"><ele>395.000</ele><time>2026-04-10T11:36:57Z</time><speed>7.360</speed><sat>26</sat></trkpt>
  <trkpt lat="31.71354173" lon="35.00269521"><ele>395.000</ele><time>2026-04-10T11:36:58Z</time><speed>8.150</speed><sat>29</sat></trkpt>
  <trkpt lat="31.71348356" lon="35.00274986"><ele>394.000</ele><time>2026-04-10T11:36:59Z</time><speed>8.240</speed><sat>22</sat></trkpt>
  <trkpt lat="31.71340888" lon="35.00279160"><ele>393.000</ele><time>2026-04-10T11:37:00Z</time><speed>9.180</speed><sat>25</sat></trkpt>
  <trkpt lat="31.71332728" lon="35.00282655"><ele>393.000</ele><time>2026-04-10T11:37:01Z</time><speed>9.160</speed><sat>26</sat></trkpt>
  <trkpt lat="31.71323441" lon="35.00283720"><ele>391.000</ele><time>2026-04-10T11:37:02Z</time><speed>9.390</speed><sat>27</sat></trkpt>
  <trkpt lat="31.71313605" lon="35.00285589"><ele>390.000</ele><time>2026-04-10T11:37:03Z</time><speed>9.470</speed><sat>25</sat></trkpt>
  <trkpt lat="31.71304087" lon="35.00286536"><ele>389.000</ele><time>2026-04-10T11:37:04Z</time><speed>9.820</speed><sat>22</sat></trkpt>
  <trkpt lat="31.71295978" lon="35.00287559"><ele>389.000</ele><time>2026-04-10T11:37:05Z</time><speed>9.430</speed><sat>26</sat></trkpt>
  <trkpt lat="31.71288237" lon="35.00288473"><ele>388.000</ele><time>2026-04-10T11:37:06Z</time><speed>8.760</speed><sat>25</sat></trkpt>
  <trkpt lat="31.71280526" lon="35.00290065"><ele>388.000</ele><time>2026-04-10T11:37:07Z</time><speed>8.120</speed><sat>18</sat></trkpt>
  <trkpt lat="31.71273891" lon="35.00291021"><ele>388.000</ele><time>2026-04-10T11:37:08Z</time><speed>7.430</speed><sat>20</sat></trkpt>
  <trkpt lat="31.71267802" lon="35.00291565"><ele>387.000</ele><time>2026-04-10T11:37:09Z</time><speed>6.000</speed><sat>16</sat></trkpt>
  <trkpt lat="31.71262756" lon="35.00292052"><ele>387.000</ele><time>2026-04-10T11:37:10Z</time><speed>5.550</speed><sat>17</sat></trkpt>
  <trkpt lat="31.71257459" lon="35.00292647"><ele>387.000</ele><time>2026-04-10T11:37:11Z</time><speed>5.480</speed><sat>22</sat></trkpt>
  <trkpt lat="31.71251943" lon="35.00293351"><ele>387.000</ele><time>2026-04-10T11:37:12Z</time><speed>6.360</speed><sat>24</sat></trkpt>
  <trkpt lat="31.71245183" lon="35.00294591"><ele>386.000</ele><time>2026-04-10T11:37:13Z</time><speed>8.340</speed><sat>19</sat></trkpt>
  <trkpt lat="31.71237568" lon="35.00295237"><ele>386.000</ele><time>2026-04-10T11:37:14Z</time><speed>9.780</speed><sat>22</sat></trkpt>
  <trkpt lat="31.71229383" lon="35.00296687"><ele>387.000</ele><time>2026-04-10T11:37:15Z</time><speed>9.860</speed><sat>27</sat></trkpt>
  <trkpt lat="31.71220289" lon="35.00298481"><ele>386.000</ele><time>2026-04-10T11:37:16Z</time><speed>9.340</speed><sat>20</sat></trkpt>
  <trkpt lat="31.71210880" lon="35.00299755"><ele>385.000</ele><time>2026-04-10T11:37:17Z</time><speed>11.050</speed><sat>28</sat></trkpt>
  <trkpt lat="31.71200851" lon="35.00301892"><ele>385.000</ele><time>2026-04-10T11:37:18Z</time><speed>10.300</speed><sat>27</sat></trkpt>
  <trkpt lat="31.71191342" lon="35.00304272"><ele>384.000</ele><time>2026-04-10T11:37:19Z</time><speed>9.640</speed><sat>26</sat></trkpt>
  <trkpt lat="31.71181690" lon="35.00306116"><ele>384.000</ele><time>2026-04-10T11:37:20Z</time><speed>9.740</speed><sat>27</sat></trkpt>
  <trkpt lat="31.71172864" lon="35.00306368"><ele>383.000</ele><time>2026-04-10T11:37:21Z</time><speed>9.180</speed><sat>31</sat></trkpt>
  <trkpt lat="31.71164047" lon="35.00306359"><ele>383.000</ele><time>2026-04-10T11:37:22Z</time><speed>9.330</speed><sat>27</sat></trkpt>
  <trkpt lat="31.71155195" lon="35.00305362"><ele>383.000</ele><time>2026-04-10T11:37:23Z</time><speed>8.850</speed><sat>26</sat></trkpt>
  <trkpt lat="31.71147576" lon="35.00304423"><ele>384.000</ele><time>2026-04-10T11:37:24Z</time><speed>7.300</speed><sat>28</sat></trkpt>
  <trkpt lat="31.71141646" lon="35.00302998"><ele>384.000</ele><time>2026-04-10T11:37:25Z</time><speed>6.670</speed><sat>27</sat></trkpt>
  <trkpt lat="31.71134844" lon="35.00299511"><ele>383.000</ele><time>2026-04-10T11:37:26Z</time><speed>6.320</speed><sat>29</sat></trkpt>
  <trkpt lat="31.71129379" lon="35.00296486"><ele>383.000</ele><time>2026-04-10T11:37:27Z</time><speed>6.370</speed><sat>30</sat></trkpt>
  <trkpt lat="31.71123428" lon="35.00292974"><ele>382.000</ele><time>2026-04-10T11:37:28Z</time><speed>7.020</speed><sat>27</sat></trkpt>
  <trkpt lat="31.71116714" lon="35.00288766"><ele>382.000</ele><time>2026-04-10T11:37:29Z</time><speed>8.000</speed><sat>28</sat></trkpt>
  <trkpt lat="31.71110759" lon="35.00283158"><ele>382.000</ele><time>2026-04-10T11:37:30Z</time><speed>8.030</speed><sat>32</sat></trkpt>
  <trkpt lat="31.71104858" lon="35.00277274"><ele>382.000</ele><time>2026-04-10T11:37:31Z</time><speed>9.000</speed><sat>30</sat></trkpt>
  <trkpt lat="31.71098416" lon="35.00270703"><ele>382.000</ele><time>2026-04-10T11:37:32Z</time><speed>9.660</speed><sat>29</sat></trkpt>
  <trkpt lat="31.71091442" lon="35.00264232"><ele>382.000</ele><time>2026-04-10T11:37:33Z</time><speed>10.180</speed><sat>32</sat></trkpt>
  <trkpt lat="31.71084423" lon="35.00258549"><ele>381.000</ele><time>2026-04-10T11:37:34Z</time><speed>10.620</speed><sat>31</sat></trkpt>
  <trkpt lat="31.71076041" lon="35.00252355"><ele>380.000</ele><time>2026-04-10T11:37:35Z</time><speed>11.190</speed><sat>29</sat></trkpt>
  <trkpt lat="31.71066309" lon="35.00247619"><ele>380.000</ele><time>2026-04-10T11:37:36Z</time><speed>11.460</speed><sat>31</sat></trkpt>
  <trkpt lat="31.71056649" lon="35.00243931"><ele>380.000</ele><time>2026-04-10T11:37:37Z</time><speed>11.050</speed><sat>32</sat></trkpt>
  <trkpt lat="31.71047282" lon="35.00242925"><ele>381.000</ele><time>2026-04-10T11:37:38Z</time><speed>10.590</speed><sat>31</sat></trkpt>
  <trkpt lat="31.71037333" lon="35.00244099"><ele>382.000</ele><time>2026-04-10T11:37:39Z</time><speed>9.870</speed><sat>33</sat></trkpt>
  <trkpt lat="31.71028059" lon="35.00246253"><ele>381.000</ele><time>2026-04-10T11:37:40Z</time><speed>9.870</speed><sat>27</sat></trkpt>
  <trkpt lat="31.71020708" lon="35.00248449"><ele>382.000</ele><time>2026-04-10T11:37:41Z</time><speed>8.680</speed><sat>28</sat></trkpt>
  <trkpt lat="31.71013034" lon="35.00249899"><ele>382.000</ele><time>2026-04-10T11:37:42Z</time><speed>8.290</speed><sat>27</sat></trkpt>
  <trkpt lat="31.71006802" lon="35.00251341"><ele>382.000</ele><time>2026-04-10T11:37:43Z</time><speed>6.290</speed><sat>26</sat></trkpt>
  <trkpt lat="31.71001425" lon="35.00251768"><ele>383.000</ele><time>2026-04-10T11:37:44Z</time><speed>6.230</speed><sat>29</sat></trkpt>
  <trkpt lat="31.70996895" lon="35.00251978"><ele>382.000</ele><time>2026-04-10T11:37:45Z</time><speed>5.650</speed><sat>23</sat></trkpt>
  <trkpt lat="31.70991505" lon="35.00254241"><ele>382.000</ele><time>2026-04-10T11:37:46Z</time><speed>5.700</speed><sat>26</sat></trkpt>
  <trkpt lat="31.70986203" lon="35.00257258"><ele>382.000</ele><time>2026-04-10T11:37:47Z</time><speed>5.870</speed><sat>23</sat></trkpt>
  <trkpt lat="31.70982515" lon="35.00260351"><ele>381.000</ele><time>2026-04-10T11:37:48Z</time><speed>6.010</speed><sat>27</sat></trkpt>
  <trkpt lat="31.70978492" lon="35.00263218"><ele>380.000</ele><time>2026-04-10T11:37:49Z</time><speed>6.180</speed><sat>23</sat></trkpt>
  <trkpt lat="31.70973320" lon="35.00268079"><ele>381.000</ele><time>2026-04-10T11:37:50Z</time><speed>7.270</speed><sat>25</sat></trkpt>
  <trkpt lat="31.70967357" lon="35.00272036"><ele>382.000</ele><time>2026-04-10T11:37:51Z</time><speed>8.000</speed><sat>30</sat></trkpt>
  <trkpt lat="31.70960496" lon="35.00276042"><ele>382.000</ele><time>2026-04-10T11:37:52Z</time><speed>8.160</speed><sat>26</sat></trkpt>
  <trkpt lat="31.70953137" lon="35.00279889"><ele>383.000</ele><time>2026-04-10T11:37:53Z</time><speed>9.310</speed><sat>30</sat></trkpt>
  <trkpt lat="31.70944508" lon="35.00283024"><ele>383.000</ele><time>2026-04-10T11:37:54Z</time><speed>10.050</speed><sat>31</sat></trkpt>
  <trkpt lat="31.70934936" lon="35.00285472"><ele>383.000</ele><time>2026-04-10T11:37:55Z</time><speed>10.100</speed><sat>29</sat></trkpt>
  <trkpt lat="31.70925925" lon="35.00287358"><ele>383.000</ele><time>2026-04-10T11:37:56Z</time><speed>10.770</speed><sat>29</sat></trkpt>
  <trkpt lat="31.70916198" lon="35.00288196"><ele>384.000</ele><time>2026-04-10T11:37:57Z</time><speed>10.830</speed><sat>29</sat></trkpt>
  <trkpt lat="31.70905880" lon="35.00288581"><ele>384.000</ele><time>2026-04-10T11:37:58Z</time><speed>11.270</speed><sat>27</sat></trkpt>
  <trkpt lat="31.70895532" lon="35.00288229"><ele>384.000</ele><time>2026-04-10T11:37:59Z</time><speed>11.320</speed><sat>28</sat></trkpt>
  <trkpt lat="31.70885227" lon="35.00287048"><ele>384.000</ele><time>2026-04-10T11:38:00Z</time><speed>10.370</speed><sat>25</sat></trkpt>
  <trkpt lat="31.70876388" lon="35.00285220"><ele>385.000</ele><time>2026-04-10T11:38:01Z</time><speed>9.250</speed><sat>26</sat></trkpt>
  <trkpt lat="31.70868446" lon="35.00283460"><ele>385.000</ele><time>2026-04-10T11:38:02Z</time><speed>9.020</speed><sat>28</sat></trkpt>
  <trkpt lat="31.70861053" lon="35.00281390"><ele>384.000</ele><time>2026-04-10T11:38:03Z</time><speed>8.390</speed><sat>31</sat></trkpt>
  <trkpt lat="31.70854557" lon="35.00279034"><ele>384.000</ele><time>2026-04-10T11:38:04Z</time><speed>7.940</speed><sat>31</sat></trkpt>
  <trkpt lat="31.70848204" lon="35.00276612"><ele>384.000</ele><time>2026-04-10T11:38:05Z</time><speed>7.130</speed><sat>32</sat></trkpt>
  <trkpt lat="31.70842906" lon="35.00273544"><ele>384.000</ele><time>2026-04-10T11:38:06Z</time><speed>7.240</speed><sat>33</sat></trkpt>
  <trkpt lat="31.70837043" lon="35.00270032"><ele>383.000</ele><time>2026-04-10T11:38:07Z</time><speed>7.870</speed><sat>31</sat></trkpt>
  <trkpt lat="31.70830258" lon="35.00266068"><ele>383.000</ele><time>2026-04-10T11:38:08Z</time><speed>9.230</speed><sat>30</sat></trkpt>
  <trkpt lat="31.70821843" lon="35.00261818"><ele>382.000</ele><time>2026-04-10T11:38:09Z</time><speed>10.100</speed><sat>30</sat></trkpt>
  <trkpt lat="31.70813147" lon="35.00257904"><ele>382.000</ele><time>2026-04-10T11:38:10Z</time><speed>10.350</speed><sat>30</sat></trkpt>
  <trkpt lat="31.70804438" lon="35.00254568"><ele>381.000</ele><time>2026-04-10T11:38:11Z</time><speed>10.230</speed><sat>33</sat></trkpt>
  <trkpt lat="31.70796643" lon="35.00251701"><ele>381.000</ele><time>2026-04-10T11:38:12Z</time><speed>8.600</speed><sat>33</sat></trkpt>
  <trkpt lat="31.70789966" lon="35.00249295"><ele>381.000</ele><time>2026-04-10T11:38:13Z</time><speed>6.900</speed><sat>32</sat></trkpt>
  <trkpt lat="31.70784221" lon="35.00247569"><ele>380.000</ele><time>2026-04-10T11:38:14Z</time><speed>5.750</speed><sat>35</sat></trkpt>
  <trkpt lat="31.70778965" lon="35.00246446"><ele>380.000</ele><time>2026-04-10T11:38:15Z</time><speed>5.880</speed><sat>29</sat></trkpt>
  <trkpt lat="31.70773135" lon="35.00245758"><ele>380.000</ele><time>2026-04-10T11:38:16Z</time><speed>6.870</speed><sat>33</sat></trkpt>
  <trkpt lat="31.70766116" lon="35.00243931"><ele>380.000</ele><time>2026-04-10T11:38:17Z</time><speed>8.790</speed><sat>29</sat></trkpt>
  <trkpt lat="31.70756979" lon="35.00242925"><ele>380.000</ele><time>2026-04-10T11:38:18Z</time><speed>9.760</speed><sat>33</sat></trkpt>
  <trkpt lat="31.70747508" lon="35.00242758"><ele>379.000</ele><time>2026-04-10T11:38:19Z</time><speed>10.440</speed><sat>32</sat></trkpt>
  <trkpt lat="31.70737906" lon="35.00243034"><ele>379.000</ele><time>2026-04-10T11:38:20Z</time><speed>10.610</speed><sat>33</sat></trkpt>
  <trkpt lat="31.70727777" lon="35.00244644"><ele>378.000</ele><time>2026-04-10T11:38:21Z</time><speed>11.650</speed><sat>31</sat></trkpt>
  <trkpt lat="31.70717337" lon="35.00247083"><ele>378.000</ele><time>2026-04-10T11:38:22Z</time><speed>11.760</speed><sat>32</sat></trkpt>
  <trkpt lat="31.70706064" lon="35.00250913"><ele>378.000</ele><time>2026-04-10T11:38:23Z</time><speed>12.120</speed><sat>32</sat></trkpt>
  <trkpt lat="31.70695356" lon="35.00254450"><ele>379.000</ele><time>2026-04-10T11:38:24Z</time><speed>11.400</speed><sat>32</sat></trkpt>
  <trkpt lat="31.70686110" lon="35.00258775"><ele>379.000</ele><time>2026-04-10T11:38:25Z</time><speed>10.720</speed><sat>29</sat></trkpt>
  <trkpt lat="31.70678043" lon="35.00263352"><ele>380.000</ele><time>2026-04-10T11:38:26Z</time><speed>10.000</speed><sat>31</sat></trkpt>
  <trkpt lat="31.70670612" lon="35.00268909"><ele>379.000</ele><time>2026-04-10T11:38:27Z</time><speed>9.920</speed><sat>27</sat></trkpt>
  <trkpt lat="31.70662939" lon="35.00273234"><ele>379.000</ele><time>2026-04-10T11:38:28Z</time><speed>9.180</speed><sat>30</sat></trkpt>
  <trkpt lat="31.70656032" lon="35.00278666"><ele>379.000</ele><time>2026-04-10T11:38:29Z</time><speed>8.940</speed><sat>26</sat></trkpt>
  <trkpt lat="31.70649444" lon="35.00284005"><ele>379.000</ele><time>2026-04-10T11:38:30Z</time><speed>9.200</speed><sat>24</sat></trkpt>
  <trkpt lat="31.70642944" lon="35.00290358"><ele>379.000</ele><time>2026-04-10T11:38:31Z</time><speed>9.160</speed><sat>27</sat></trkpt>
  <trkpt lat="31.70637684" lon="35.00296687"><ele>378.000</ele><time>2026-04-10T11:38:32Z</time><speed>8.020</speed><sat>23</sat></trkpt>
  <trkpt lat="31.70633531" lon="35.00302319"><ele>378.000</ele><time>2026-04-10T11:38:33Z</time><speed>6.200</speed><sat>26</sat></trkpt>
  <trkpt lat="31.70629868" lon="35.00306938"><ele>378.000</ele><time>2026-04-10T11:38:34Z</time><speed>5.220</speed><sat>20</sat></trkpt>
  <trkpt lat="31.70627638" lon="35.00310617"><ele>378.000</ele><time>2026-04-10T11:38:35Z</time><speed>5.150</speed><sat>29</sat></trkpt>
  <trkpt lat="31.70624864" lon="35.00315454"><ele>378.000</ele><time>2026-04-10T11:38:36Z</time><speed>6.320</speed><sat>23</sat></trkpt>
  <trkpt lat="31.70621331" lon="35.00321640"><ele>378.000</ele><time>2026-04-10T11:38:37Z</time><speed>7.460</speed><sat>25</sat></trkpt>
  <trkpt lat="31.70616859" lon="35.00328119"><ele>376.000</ele><time>2026-04-10T11:38:38Z</time><speed>8.060</speed><sat>24</sat></trkpt>
  <trkpt lat="31.70612924" lon="35.00336367"><ele>376.000</ele><time>2026-04-10T11:38:39Z</time><speed>9.260</speed><sat>23</sat></trkpt>
  <trkpt lat="31.70609320" lon="35.00345453"><ele>375.000</ele><time>2026-04-10T11:38:40Z</time><speed>9.200</speed><sat>25</sat></trkpt>
  <trkpt lat="31.70605606" lon="35.00354966"><ele>375.000</ele><time>2026-04-10T11:38:41Z</time><speed>8.600</speed><sat>23</sat></trkpt>
  <trkpt lat="31.70603243" lon="35.00363566"><ele>375.000</ele><time>2026-04-10T11:38:42Z</time><speed>8.280</speed><sat>24</sat></trkpt>
  <trkpt lat="31.70600975" lon="35.00372501"><ele>375.000</ele><time>2026-04-10T11:38:43Z</time><speed>8.080</speed><sat>26</sat></trkpt>
  <trkpt lat="31.70598867" lon="35.00379927"><ele>374.000</ele><time>2026-04-10T11:38:44Z</time><speed>6.640</speed><sat>24</sat></trkpt>
  <trkpt lat="31.70596529" lon="35.00386373"><ele>374.000</ele><time>2026-04-10T11:38:45Z</time><speed>5.880</speed><sat>27</sat></trkpt>
  <trkpt lat="31.70595343" lon="35.00391947"><ele>374.000</ele><time>2026-04-10T11:38:46Z</time><speed>5.080</speed><sat>24</sat></trkpt>
  <trkpt lat="31.70595066" lon="35.00397923"><ele>373.000</ele><time>2026-04-10T11:38:47Z</time><speed>5.640</speed><sat>20</sat></trkpt>
  <trkpt lat="31.70594840" lon="35.00404092"><ele>373.000</ele><time>2026-04-10T11:38:48Z</time><speed>7.410</speed><sat>23</sat></trkpt>
  <trkpt lat="31.70594651" lon="35.00411066"><ele>374.000</ele><time>2026-04-10T11:38:49Z</time><speed>8.410</speed><sat>24</sat></trkpt>
  <trkpt lat="31.70594370" lon="35.00420487"><ele>374.000</ele><time>2026-04-10T11:38:50Z</time><speed>9.110</speed><sat>23</sat></trkpt>
  <trkpt lat="31.70593339" lon="35.00429909"><ele>374.000</ele><time>2026-04-10T11:38:51Z</time><speed>8.830</speed><sat>23</sat></trkpt>
  <trkpt lat="31.70592049" lon="35.00437955"><ele>373.000</ele><time>2026-04-10T11:38:52Z</time><speed>7.490</speed><sat>25</sat></trkpt>
  <trkpt lat="31.70591982" lon="35.00444736"><ele>373.000</ele><time>2026-04-10T11:38:53Z</time><speed>6.020</speed><sat>22</sat></trkpt>
  <trkpt lat="31.70591843" lon="35.00451467"><ele>374.000</ele><time>2026-04-10T11:38:54Z</time><speed>5.500</speed><sat>22</sat></trkpt>
  <trkpt lat="31.70591131" lon="35.00457779"><ele>373.000</ele><time>2026-04-10T11:38:55Z</time><speed>6.450</speed><sat>27</sat></trkpt>
  <trkpt lat="31.70589928" lon="35.00465130"><ele>374.000</ele><time>2026-04-10T11:38:56Z</time><speed>7.840</speed><sat>26</sat></trkpt>
  <trkpt lat="31.70588952" lon="35.00473243"><ele>374.000</ele><time>2026-04-10T11:38:57Z</time><speed>8.220</speed><sat>27</sat></trkpt>
  <trkpt lat="31.70589090" lon="35.00482648"><ele>375.000</ele><time>2026-04-10T11:38:58Z</time><speed>8.240</speed><sat>28</sat></trkpt>
  <trkpt lat="31.70588817" lon="35.00490560"><ele>375.000</ele><time>2026-04-10T11:38:59Z</time><speed>7.220</speed><sat>28</sat></trkpt>
  <trkpt lat="31.70588830" lon="35.00497509"><ele>375.000</ele><time>2026-04-10T11:39:00Z</time><speed>5.300</speed><sat>29</sat></trkpt>
  <trkpt lat="31.70587828" lon="35.00502228"><ele>376.000</ele><time>2026-04-10T11:39:01Z</time><speed>4.080</speed><sat>27</sat></trkpt>
  <trkpt lat="31.70586508" lon="35.00506452"><ele>376.000</ele><time>2026-04-10T11:39:02Z</time><speed>3.700</speed><sat>28</sat></trkpt>
  <trkpt lat="31.70585364" lon="35.00510735"><ele>376.000</ele><time>2026-04-10T11:39:03Z</time><speed>4.220</speed><sat>28</sat></trkpt>
  <trkpt lat="31.70583449" lon="35.00516125"><ele>377.000</ele><time>2026-04-10T11:39:04Z</time><speed>5.120</speed><sat>28</sat></trkpt>
  <trkpt lat="31.70581282" lon="35.00522529"><ele>377.000</ele><time>2026-04-10T11:39:05Z</time><speed>6.160</speed><sat>28</sat></trkpt>
  <trkpt lat="31.70578151" lon="35.00528698"><ele>377.000</ele><time>2026-04-10T11:39:06Z</time><speed>7.030</speed><sat>32</sat></trkpt>
  <trkpt lat="31.70574258" lon="35.00534247"><ele>377.000</ele><time>2026-04-10T11:39:07Z</time><speed>6.770</speed><sat>31</sat></trkpt>
  <trkpt lat="31.70570222" lon="35.00539418"><ele>377.000</ele><time>2026-04-10T11:39:08Z</time><speed>6.510</speed><sat>30</sat></trkpt>
  <trkpt lat="31.70565361" lon="35.00544062"><ele>377.000</ele><time>2026-04-10T11:39:09Z</time><speed>7.250</speed><sat>28</sat></trkpt>
  <trkpt lat="31.70559426" lon="35.00547708"><ele>378.000</ele><time>2026-04-10T11:39:10Z</time><speed>7.880</speed><sat>30</sat></trkpt>
  <trkpt lat="31.70552976" lon="35.00550994"><ele>378.000</ele><time>2026-04-10T11:39:11Z</time><speed>7.820</speed><sat>31</sat></trkpt>
  <trkpt lat="31.70547101" lon="35.00553550"><ele>379.000</ele><time>2026-04-10T11:39:12Z</time><speed>7.570</speed><sat>30</sat></trkpt>
  <trkpt lat="31.70541414" lon="35.00556082"><ele>379.000</ele><time>2026-04-10T11:39:13Z</time><speed>6.120</speed><sat>30</sat></trkpt>
  <trkpt lat="31.70536556" lon="35.00557590"><ele>380.000</ele><time>2026-04-10T11:39:14Z</time><speed>5.430</speed><sat>30</sat></trkpt>
  <trkpt lat="31.70533170" lon="35.00558169"><ele>382.000</ele><time>2026-04-10T11:39:15Z</time><speed>3.270</speed><sat>31</sat></trkpt>
  <trkpt lat="31.70530442" lon="35.00557037"><ele>382.000</ele><time>2026-04-10T11:39:16Z</time><speed>3.680</speed><sat>33</sat></trkpt>
  <trkpt lat="31.70527013" lon="35.00555009"><ele>382.000</ele><time>2026-04-10T11:39:17Z</time><speed>4.430</speed><sat>31</sat></trkpt>
  <trkpt lat="31.70523585" lon="35.00550700"><ele>383.000</ele><time>2026-04-10T11:39:18Z</time><speed>5.740</speed><sat>30</sat></trkpt>
  <trkpt lat="31.70522206" lon="35.00544439"><ele>383.000</ele><time>2026-04-10T11:39:19Z</time><speed>6.080</speed><sat>29</sat></trkpt>
  <trkpt lat="31.70520928" lon="35.00538002"><ele>383.000</ele><time>2026-04-10T11:39:20Z</time><speed>6.760</speed><sat>30</sat></trkpt>
  <trkpt lat="31.70518497" lon="35.00531481"><ele>383.000</ele><time>2026-04-10T11:39:21Z</time><speed>7.470</speed><sat>31</sat></trkpt>
  <trkpt lat="31.70515903" lon="35.00523920"><ele>384.000</ele><time>2026-04-10T11:39:22Z</time><speed>8.300</speed><sat>33</sat></trkpt>
  <trkpt lat="31.70513929" lon="35.00515169"><ele>385.000</ele><time>2026-04-10T11:39:23Z</time><speed>8.480</speed><sat>34</sat></trkpt>
  <trkpt lat="31.70512010" lon="35.00506234"><ele>385.000</ele><time>2026-04-10T11:39:24Z</time><speed>8.610</speed><sat>31</sat></trkpt>
  <trkpt lat="31.70510430" lon="35.00497375"><ele>386.000</ele><time>2026-04-10T11:39:25Z</time><speed>9.360</speed><sat>28</sat></trkpt>
  <trkpt lat="31.70508758" lon="35.00487526"><ele>386.000</ele><time>2026-04-10T11:39:26Z</time><speed>9.510</speed><sat>29</sat></trkpt>
  <trkpt lat="31.70507316" lon="35.00477476"><ele>386.000</ele><time>2026-04-10T11:39:27Z</time><speed>9.500</speed><sat>32</sat></trkpt>
  <trkpt lat="31.70505862" lon="35.00467191"><ele>387.000</ele><time>2026-04-10T11:39:28Z</time><speed>9.030</speed><sat>31</sat></trkpt>
  <trkpt lat="31.70504655" lon="35.00457217"><ele>388.000</ele><time>2026-04-10T11:39:29Z</time><speed>8.670</speed><sat>33</sat></trkpt>
  <trkpt lat="31.70504814" lon="35.00448248"><ele>389.000</ele><time>2026-04-10T11:39:30Z</time><speed>8.090</speed><sat>31</sat></trkpt>
  <trkpt lat="31.70507073" lon="35.00439581"><ele>389.000</ele><time>2026-04-10T11:39:31Z</time><speed>8.520</speed><sat>32</sat></trkpt>
  <trkpt lat="31.70509290" lon="35.00431920"><ele>390.000</ele><time>2026-04-10T11:39:32Z</time><speed>8.410</speed><sat>32</sat></trkpt>
  <trkpt lat="31.70510598" lon="35.00424142"><ele>391.000</ele><time>2026-04-10T11:39:33Z</time><speed>7.160</speed><sat>32</sat></trkpt>
  <trkpt lat="31.70510757" lon="35.00416573"><ele>390.000</ele><time>2026-04-10T11:39:34Z</time><speed>6.910</speed><sat>35</sat></trkpt>
  <trkpt lat="31.70509726" lon="35.00410404"><ele>390.000</ele><time>2026-04-10T11:39:35Z</time><speed>6.020</speed><sat>32</sat></trkpt>
  <trkpt lat="31.70506184" lon="35.00405316"><ele>389.000</ele><time>2026-04-10T11:39:36Z</time><speed>6.650</speed><sat>30</sat></trkpt>
  <trkpt lat="31.70499772" lon="35.00403573"><ele>390.000</ele><time>2026-04-10T11:39:37Z</time><speed>7.010</speed><sat>32</sat></trkpt>
  <trkpt lat="31.70492409" lon="35.00405626"><ele>391.000</ele><time>2026-04-10T11:39:38Z</time><speed>7.910</speed><sat>32</sat></trkpt>
  <trkpt lat="31.70485058" lon="35.00407873"><ele>391.000</ele><time>2026-04-10T11:39:39Z</time><speed>7.500</speed><sat>33</sat></trkpt>
  <trkpt lat="31.70477883" lon="35.00410169"><ele>392.000</ele><time>2026-04-10T11:39:40Z</time><speed>7.660</speed><sat>32</sat></trkpt>
  <trkpt lat="31.70470306" lon="35.00413447"><ele>393.000</ele><time>2026-04-10T11:39:41Z</time><speed>7.640</speed><sat>32</sat></trkpt>
  <trkpt lat="31.70461962" lon="35.00416674"><ele>393.000</ele><time>2026-04-10T11:39:42Z</time><speed>8.340</speed><sat>34</sat></trkpt>
  <trkpt lat="31.70453957" lon="35.00418903"><ele>392.000</ele><time>2026-04-10T11:39:43Z</time><speed>8.770</speed><sat>32</sat></trkpt>
  <trkpt lat="31.70445663" lon="35.00421577"><ele>393.000</ele><time>2026-04-10T11:39:44Z</time><speed>9.760</speed><sat>32</sat></trkpt>
  <trkpt lat="31.70437164" lon="35.00425282"><ele>393.000</ele><time>2026-04-10T11:39:45Z</time><speed>10.070</speed><sat>28</sat></trkpt>
  <trkpt lat="31.70428970" lon="35.00430169"><ele>394.000</ele><time>2026-04-10T11:39:46Z</time><speed>10.130</speed><sat>31</sat></trkpt>
  <trkpt lat="31.70421435" lon="35.00436162"><ele>396.000</ele><time>2026-04-10T11:39:47Z</time><speed>10.640</speed><sat>27</sat></trkpt>
  <trkpt lat="31.70414004" lon="35.00443554"><ele>396.000</ele><time>2026-04-10T11:39:48Z</time><speed>10.490</speed><sat>28</sat></trkpt>
  <trkpt lat="31.70408083" lon="35.00451978"><ele>397.000</ele><time>2026-04-10T11:39:49Z</time><speed>10.480</speed><sat>28</sat></trkpt>
  <trkpt lat="31.70402823" lon="35.00460578"><ele>398.000</ele><time>2026-04-10T11:39:50Z</time><speed>10.620</speed><sat>26</sat></trkpt>
  <trkpt lat="31.70396524" lon="35.00469035"><ele>398.000</ele><time>2026-04-10T11:39:51Z</time><speed>10.720</speed><sat>30</sat></trkpt>
  <trkpt lat="31.70390011" lon="35.00478339"><ele>399.000</ele><time>2026-04-10T11:39:52Z</time><speed>11.130</speed><sat>28</sat></trkpt>
  <trkpt lat="31.70383457" lon="35.00487484"><ele>400.000</ele><time>2026-04-10T11:39:53Z</time><speed>11.200</speed><sat>26</sat></trkpt>
  <trkpt lat="31.70376081" lon="35.00496469"><ele>400.000</ele><time>2026-04-10T11:39:54Z</time><speed>11.150</speed><sat>28</sat></trkpt>
  <trkpt lat="31.70369530" lon="35.00504902"><ele>401.000</ele><time>2026-04-10T11:39:55Z</time><speed>10.590</speed><sat>28</sat></trkpt>
  <trkpt lat="31.70362812" lon="35.00512177"><ele>401.000</ele><time>2026-04-10T11:39:56Z</time><speed>9.560</speed><sat>26</sat></trkpt>
  <trkpt lat="31.70356534" lon="35.00518816"><ele>401.000</ele><time>2026-04-10T11:39:57Z</time><speed>8.320</speed><sat>29</sat></trkpt>
  <trkpt lat="31.70350847" lon="35.00523593"><ele>402.000</ele><time>2026-04-10T11:39:58Z</time><speed>6.640</speed><sat>26</sat></trkpt>
  <trkpt lat="31.70345948" lon="35.00526661"><ele>402.000</ele><time>2026-04-10T11:39:59Z</time><speed>5.480</speed><sat>29</sat></trkpt>
  <trkpt lat="31.70341736" lon="35.00528631"><ele>402.000</ele><time>2026-04-10T11:40:00Z</time><speed>4.650</speed><sat>28</sat></trkpt>
  <trkpt lat="31.70337993" lon="35.00530349"><ele>402.000</ele><time>2026-04-10T11:40:01Z</time><speed>4.470</speed><sat>26</sat></trkpt>
  <trkpt lat="31.70334850" lon="35.00532545"><ele>402.000</ele><time>2026-04-10T11:40:02Z</time><speed>4.340</speed><sat>28</sat></trkpt>
  <trkpt lat="31.70330802" lon="35.00535563"><ele>402.000</ele><time>2026-04-10T11:40:03Z</time><speed>4.490</speed><sat>29</sat></trkpt>
  <trkpt lat="31.70328094" lon="35.00539670"><ele>401.000</ele><time>2026-04-10T11:40:04Z</time><speed>4.540</speed><sat>24</sat></trkpt>
  <trkpt lat="31.70325337" lon="35.00544515"><ele>401.000</ele><time>2026-04-10T11:40:05Z</time><speed>4.570</speed><sat>26</sat></trkpt>
  <trkpt lat="31.70321917" lon="35.00550281"><ele>400.000</ele><time>2026-04-10T11:40:06Z</time><speed>5.620</speed><sat>26</sat></trkpt>
  <trkpt lat="31.70317948" lon="35.00554330"><ele>400.000</ele><time>2026-04-10T11:40:07Z</time><speed>6.000</speed><sat>27</sat></trkpt>
  <trkpt lat="31.70312546" lon="35.00558395"><ele>400.000</ele><time>2026-04-10T11:40:08Z</time><speed>7.040</speed><sat>25</sat></trkpt>
  <trkpt lat="31.70305417" lon="35.00561823"><ele>400.000</ele><time>2026-04-10T11:40:09Z</time><speed>8.920</speed><sat>28</sat></trkpt>
  <trkpt lat="31.70297965" lon="35.00565712"><ele>401.000</ele><time>2026-04-10T11:40:10Z</time><speed>9.110</speed><sat>28</sat></trkpt>
  <trkpt lat="31.70289491" lon="35.00569166"><ele>401.000</ele><time>2026-04-10T11:40:11Z</time><speed>9.990</speed><sat>19</sat></trkpt>
  <trkpt lat="31.70280523" lon="35.00572334"><ele>401.000</ele><time>2026-04-10T11:40:12Z</time><speed>11.190</speed><sat>21</sat></trkpt>
  <trkpt lat="31.70270326" lon="35.00574170"><ele>401.000</ele><time>2026-04-10T11:40:13Z</time><speed>11.540</speed><sat>16</sat></trkpt>
  <trkpt lat="31.70260431" lon="35.00576248"><ele>401.000</ele><time>2026-04-10T11:40:14Z</time><speed>11.020</speed><sat>23</sat></trkpt>
  <trkpt lat="31.70251236" lon="35.00576885"><ele>401.000</ele><time>2026-04-10T11:40:15Z</time><speed>10.500</speed><sat>19</sat></trkpt>
  <trkpt lat="31.70243429" lon="35.00578067"><ele>402.000</ele><time>2026-04-10T11:40:16Z</time><speed>9.200</speed><sat>19</sat></trkpt>
  <trkpt lat="31.70235721" lon="35.00578922"><ele>402.000</ele><time>2026-04-10T11:40:17Z</time><speed>8.250</speed><sat>20</sat></trkpt>
  <trkpt lat="31.70228345" lon="35.00579593"><ele>402.000</ele><time>2026-04-10T11:40:18Z</time><speed>7.350</speed><sat>25</sat></trkpt>
  <trkpt lat="31.70222566" lon="35.00576383"><ele>401.000</ele><time>2026-04-10T11:40:19Z</time><speed>5.460</speed><sat>24</sat></trkpt>
  <trkpt lat="31.70220244" lon="35.00572108"><ele>402.000</ele><time>2026-04-10T11:40:20Z</time><speed>5.060</speed><sat>26</sat></trkpt>
  <trkpt lat="31.70217918" lon="35.00567221"><ele>402.000</ele><time>2026-04-10T11:40:21Z</time><speed>4.800</speed><sat>30</sat></trkpt>
  <trkpt lat="31.70214536" lon="35.00564933"><ele>402.000</ele><time>2026-04-10T11:40:22Z</time><speed>4.900</speed><sat>30</sat></trkpt>
  <trkpt lat="31.70209968" lon="35.00563818"><ele>402.000</ele><time>2026-04-10T11:40:23Z</time><speed>5.020</speed><sat>29</sat></trkpt>
  <trkpt lat="31.70203761" lon="35.00565109"><ele>402.000</ele><time>2026-04-10T11:40:24Z</time><speed>5.480</speed><sat>32</sat></trkpt>
  <trkpt lat="31.70199004" lon="35.00568084"><ele>402.000</ele><time>2026-04-10T11:40:25Z</time><speed>5.660</speed><sat>31</sat></trkpt>
  <trkpt lat="31.70195128" lon="35.00571328"><ele>402.000</ele><time>2026-04-10T11:40:26Z</time><speed>5.640</speed><sat>31</sat></trkpt>
  <trkpt lat="31.70191855" lon="35.00576592"><ele>402.000</ele><time>2026-04-10T11:40:27Z</time><speed>5.590</speed><sat>31</sat></trkpt>
  <trkpt lat="31.70188292" lon="35.00581428"><ele>404.000</ele><time>2026-04-10T11:40:28Z</time><speed>5.490</speed><sat>32</sat></trkpt>
  <trkpt lat="31.70183967" lon="35.00585259"><ele>403.000</ele><time>2026-04-10T11:40:29Z</time><speed>5.610</speed><sat>32</sat></trkpt>
  <trkpt lat="31.70178787" lon="35.00587354"><ele>403.000</ele><time>2026-04-10T11:40:30Z</time><speed>6.730</speed><sat>28</sat></trkpt>
  <trkpt lat="31.70172346" lon="35.00589584"><ele>404.000</ele><time>2026-04-10T11:40:31Z</time><speed>7.960</speed><sat>28</sat></trkpt>
  <trkpt lat="31.70164555" lon="35.00590883"><ele>403.000</ele><time>2026-04-10T11:40:32Z</time><speed>8.150</speed><sat>31</sat></trkpt>
  <trkpt lat="31.70157606" lon="35.00591939"><ele>403.000</ele><time>2026-04-10T11:40:33Z</time><speed>8.690</speed><sat>31</sat></trkpt>
  <trkpt lat="31.70149065" lon="35.00592769"><ele>403.000</ele><time>2026-04-10T11:40:34Z</time><speed>9.780</speed><sat>34</sat></trkpt>
  <trkpt lat="31.70139480" lon="35.00592493"><ele>404.000</ele><time>2026-04-10T11:40:35Z</time><speed>10.470</speed><sat>35</sat></trkpt>
  <trkpt lat="31.70130034" lon="35.00592375"><ele>404.000</ele><time>2026-04-10T11:40:36Z</time><speed>10.720</speed><sat>33</sat></trkpt>
  <trkpt lat="31.70120416" lon="35.00593021"><ele>405.000</ele><time>2026-04-10T11:40:37Z</time><speed>10.800</speed><sat>34</sat></trkpt>
  <trkpt lat="31.70110215" lon="35.00594613"><ele>406.000</ele><time>2026-04-10T11:40:38Z</time><speed>11.110</speed><sat>34</sat></trkpt>
  <trkpt lat="31.70099712" lon="35.00595560"><ele>407.000</ele><time>2026-04-10T11:40:39Z</time><speed>11.060</speed><sat>32</sat></trkpt>
  <trkpt lat="31.70090450" lon="35.00597228"><ele>408.000</ele><time>2026-04-10T11:40:40Z</time><speed>9.910</speed><sat>34</sat></trkpt>
  <trkpt lat="31.70082588" lon="35.00597882"><ele>409.000</ele><time>2026-04-10T11:40:41Z</time><speed>8.370</speed><sat>34</sat></trkpt>
  <trkpt lat="31.70076352" lon="35.00597589"><ele>412.000</ele><time>2026-04-10T11:40:42Z</time><speed>5.750</speed><sat>34</sat></trkpt>
  <trkpt lat="31.70071398" lon="35.00595954"><ele>412.000</ele><time>2026-04-10T11:40:43Z</time><speed>5.090</speed><sat>29</sat></trkpt>
  <trkpt lat="31.70067673" lon="35.00592283"><ele>412.000</ele><time>2026-04-10T11:40:44Z</time><speed>4.850</speed><sat>33</sat></trkpt>
  <trkpt lat="31.70064953" lon="35.00587824"><ele>412.000</ele><time>2026-04-10T11:40:45Z</time><speed>4.780</speed><sat>35</sat></trkpt>
  <trkpt lat="31.70063909" lon="35.00582526"><ele>413.000</ele><time>2026-04-10T11:40:46Z</time><speed>5.040</speed><sat>32</sat></trkpt>
  <trkpt lat="31.70063289" lon="35.00576751"><ele>413.000</ele><time>2026-04-10T11:40:47Z</time><speed>5.410</speed><sat>33</sat></trkpt>
  <trkpt lat="31.70063343" lon="35.00570658"><ele>415.000</ele><time>2026-04-10T11:40:48Z</time><speed>5.860</speed><sat>31</sat></trkpt>
  <trkpt lat="31.70066772" lon="35.00564329"><ele>416.000</ele><time>2026-04-10T11:40:49Z</time><speed>5.840</speed><sat>33</sat></trkpt>
  <trkpt lat="31.70070657" lon="35.00557523"><ele>416.000</ele><time>2026-04-10T11:40:50Z</time><speed>6.500</speed><sat>33</sat></trkpt>
  <trkpt lat="31.70075774" lon="35.00552268"><ele>417.000</ele><time>2026-04-10T11:40:51Z</time><speed>6.580</speed><sat>32</sat></trkpt>
  <trkpt lat="31.70080853" lon="35.00546870"><ele>418.000</ele><time>2026-04-10T11:40:52Z</time><speed>7.800</speed><sat>34</sat></trkpt>
  <trkpt lat="31.70087073" lon="35.00543919"><ele>420.000</ele><time>2026-04-10T11:40:53Z</time><speed>7.650</speed><sat>31</sat></trkpt>
  <trkpt lat="31.70093728" lon="35.00540039"><ele>420.000</ele><time>2026-04-10T11:40:54Z</time><speed>8.330</speed><sat>30</sat></trkpt>
  <trkpt lat="31.70100115" lon="35.00535923"><ele>421.000</ele><time>2026-04-10T11:40:55Z</time><speed>8.850</speed><sat>28</sat></trkpt>
  <trkpt lat="31.70106682" lon="35.00531279"><ele>423.000</ele><time>2026-04-10T11:40:56Z</time><speed>9.080</speed><sat>31</sat></trkpt>
  <trkpt lat="31.70113471" lon="35.00526200"><ele>424.000</ele><time>2026-04-10T11:40:57Z</time><speed>9.810</speed><sat>31</sat></trkpt>
  <trkpt lat="31.70121673" lon="35.00521037"><ele>425.000</ele><time>2026-04-10T11:40:58Z</time><speed>10.240</speed><sat>27</sat></trkpt>
  <trkpt lat="31.70130189" lon="35.00514767"><ele>425.000</ele><time>2026-04-10T11:40:59Z</time><speed>10.770</speed><sat>29</sat></trkpt>
  <trkpt lat="31.70139103" lon="35.00509109"><ele>425.000</ele><time>2026-04-10T11:41:00Z</time><speed>10.450</speed><sat>31</sat></trkpt>
  <trkpt lat="31.70146509" lon="35.00503074"><ele>425.000</ele><time>2026-04-10T11:41:01Z</time><speed>10.230</speed><sat>31</sat></trkpt>
  <trkpt lat="31.70154610" lon="35.00496629"><ele>424.000</ele><time>2026-04-10T11:41:02Z</time><speed>10.150</speed><sat>28</sat></trkpt>
  <trkpt lat="31.70162560" lon="35.00490770"><ele>424.000</ele><time>2026-04-10T11:41:03Z</time><speed>10.190</speed><sat>28</sat></trkpt>
  <trkpt lat="31.70170259" lon="35.00485271"><ele>424.000</ele><time>2026-04-10T11:41:04Z</time><speed>10.480</speed><sat>31</sat></trkpt>
  <trkpt lat="31.70178071" lon="35.00478851"><ele>424.000</ele><time>2026-04-10T11:41:05Z</time><speed>11.160</speed><sat>29</sat></trkpt>
  <trkpt lat="31.70186373" lon="35.00473738"><ele>424.000</ele><time>2026-04-10T11:41:06Z</time><speed>11.420</speed><sat>30</sat></trkpt>
  <trkpt lat="31.70195128" lon="35.00467250"><ele>423.000</ele><time>2026-04-10T11:41:07Z</time><speed>11.640</speed><sat>30</sat></trkpt>
  <trkpt lat="31.70203749" lon="35.00461056"><ele>423.000</ele><time>2026-04-10T11:41:08Z</time><speed>11.350</speed><sat>29</sat></trkpt>
  <trkpt lat="31.70212286" lon="35.00454912"><ele>423.000</ele><time>2026-04-10T11:41:09Z</time><speed>10.430</speed><sat>31</sat></trkpt>
  <trkpt lat="31.70220056" lon="35.00448877"><ele>423.000</ele><time>2026-04-10T11:41:10Z</time><speed>10.310</speed><sat>31</sat></trkpt>
  <trkpt lat="31.70226933" lon="35.00443487"><ele>422.000</ele><time>2026-04-10T11:41:11Z</time><speed>9.550</speed><sat>33</sat></trkpt>
  <trkpt lat="31.70235017" lon="35.00438131"><ele>422.000</ele><time>2026-04-10T11:41:12Z</time><speed>9.520</speed><sat>33</sat></trkpt>
  <trkpt lat="31.70242159" lon="35.00431577"><ele>422.000</ele><time>2026-04-10T11:41:13Z</time><speed>8.820</speed><sat>31</sat></trkpt>
  <trkpt lat="31.70247917" lon="35.00425634"><ele>421.000</ele><time>2026-04-10T11:41:14Z</time><speed>9.170</speed><sat>30</sat></trkpt>
  <trkpt lat="31.70253210" lon="35.00417151"><ele>421.000</ele><time>2026-04-10T11:41:15Z</time><speed>9.720</speed><sat>34</sat></trkpt>
  <trkpt lat="31.70257556" lon="35.00408309"><ele>421.000</ele><time>2026-04-10T11:41:16Z</time><speed>9.260</speed><sat>31</sat></trkpt>
  <trkpt lat="31.70260607" lon="35.00398426"><ele>420.000</ele><time>2026-04-10T11:41:17Z</time><speed>8.910</speed><sat>33</sat></trkpt>
  <trkpt lat="31.70263767" lon="35.00389131"><ele>420.000</ele><time>2026-04-10T11:41:18Z</time><speed>8.880</speed><sat>32</sat></trkpt>
  <trkpt lat="31.70265729" lon="35.00379785"><ele>421.000</ele><time>2026-04-10T11:41:19Z</time><speed>8.740</speed><sat>29</sat></trkpt>
  <trkpt lat="31.70265976" lon="35.00370565"><ele>422.000</ele><time>2026-04-10T11:41:20Z</time><speed>9.920</speed><sat>29</sat></trkpt>
  <trkpt lat="31.70264932" lon="35.00359593"><ele>423.000</ele><time>2026-04-10T11:41:21Z</time><speed>9.880</speed><sat>31</sat></trkpt>
  <trkpt lat="31.70264061" lon="35.00348001"><ele>423.000</ele><time>2026-04-10T11:41:22Z</time><speed>10.500</speed><sat>30</sat></trkpt>
  <trkpt lat="31.70262451" lon="35.00334850"><ele>423.000</ele><time>2026-04-10T11:41:23Z</time><speed>10.660</speed><sat>27</sat></trkpt>
  <trkpt lat="31.70261119" lon="35.00322302"><ele>423.000</ele><time>2026-04-10T11:41:24Z</time><speed>11.160</speed><sat>31</sat></trkpt>
  <trkpt lat="31.70260092" lon="35.00309494"><ele>422.000</ele><time>2026-04-10T11:41:25Z</time><speed>10.570</speed><sat>28</sat></trkpt>
  <trkpt lat="31.70259367" lon="35.00298648"><ele>422.000</ele><time>2026-04-10T11:41:26Z</time><speed>10.930</speed><sat>29</sat></trkpt>
  <trkpt lat="31.70257804" lon="35.00287182"><ele>421.000</ele><time>2026-04-10T11:41:27Z</time><speed>10.800</speed><sat>29</sat></trkpt>
  <trkpt lat="31.70256215" lon="35.00275514"><ele>421.000</ele><time>2026-04-10T11:41:28Z</time><speed>10.560</speed><sat>32</sat></trkpt>
  <trkpt lat="31.70254861" lon="35.00264668"><ele>421.000</ele><time>2026-04-10T11:41:29Z</time><speed>9.980</speed><sat>31</sat></trkpt>
  <trkpt lat="31.70254375" lon="35.00253503"><ele>421.000</ele><time>2026-04-10T11:41:30Z</time><speed>9.880</speed><sat>31</sat></trkpt>
  <trkpt lat="31.70253164" lon="35.00243369"><ele>421.000</ele><time>2026-04-10T11:41:31Z</time><speed>9.220</speed><sat>32</sat></trkpt>
  <trkpt lat="31.70251169" lon="35.00234024"><ele>420.000</ele><time>2026-04-10T11:41:32Z</time><speed>8.780</speed><sat>33</sat></trkpt>
  <trkpt lat="31.70249405" lon="35.00224711"><ele>420.000</ele><time>2026-04-10T11:41:33Z</time><speed>8.600</speed><sat>33</sat></trkpt>
  <trkpt lat="31.70247640" lon="35.00216070"><ele>420.000</ele><time>2026-04-10T11:41:34Z</time><speed>7.970</speed><sat>33</sat></trkpt>
  <trkpt lat="31.70246052" lon="35.00207545"><ele>420.000</ele><time>2026-04-10T11:41:35Z</time><speed>8.070</speed><sat>32</sat></trkpt>
  <trkpt lat="31.70245809" lon="35.00199029"><ele>420.000</ele><time>2026-04-10T11:41:36Z</time><speed>7.210</speed><sat>36</sat></trkpt>
  <trkpt lat="31.70245323" lon="35.00191092"><ele>420.000</ele><time>2026-04-10T11:41:37Z</time><speed>7.140</speed><sat>31</sat></trkpt>
  <trkpt lat="31.70245226" lon="35.00183623"><ele>420.000</ele><time>2026-04-10T11:41:38Z</time><speed>6.960</speed><sat>31</sat></trkpt>
  <trkpt lat="31.70246647" lon="35.00175258"><ele>420.000</ele><time>2026-04-10T11:41:39Z</time><speed>7.430</speed><sat>31</sat></trkpt>
  <trkpt lat="31.70248378" lon="35.00167429"><ele>420.000</ele><time>2026-04-10T11:41:40Z</time><speed>7.990</speed><sat>33</sat></trkpt>
  <trkpt lat="31.70251940" lon="35.00159391"><ele>421.000</ele><time>2026-04-10T11:41:41Z</time><speed>7.810</speed><sat>30</sat></trkpt>
  <trkpt lat="31.70256810" lon="35.00152518"><ele>421.000</ele><time>2026-04-10T11:41:42Z</time><speed>8.620</speed><sat>26</sat></trkpt>
  <trkpt lat="31.70261521" lon="35.00145494"><ele>422.000</ele><time>2026-04-10T11:41:43Z</time><speed>8.510</speed><sat>31</sat></trkpt>
  <trkpt lat="31.70268859" lon="35.00139995"><ele>423.000</ele><time>2026-04-10T11:41:44Z</time><speed>9.100</speed><sat>28</sat></trkpt>
  <trkpt lat="31.70276328" lon="35.00135050"><ele>422.000</ele><time>2026-04-10T11:41:45Z</time><speed>9.900</speed><sat>31</sat></trkpt>
  <trkpt lat="31.70285099" lon="35.00129602"><ele>422.000</ele><time>2026-04-10T11:41:46Z</time><speed>10.580</speed><sat>29</sat></trkpt>
  <trkpt lat="31.70294483" lon="35.00124531"><ele>422.000</ele><time>2026-04-10T11:41:47Z</time><speed>10.670</speed><sat>30</sat></trkpt>
  <trkpt lat="31.70304365" lon="35.00119351"><ele>423.000</ele><time>2026-04-10T11:41:48Z</time><speed>11.590</speed><sat>29</sat></trkpt>
  <trkpt lat="31.70313866" lon="35.00113618"><ele>423.000</ele><time>2026-04-10T11:41:49Z</time><speed>11.720</speed><sat>30</sat></trkpt>
  <trkpt lat="31.70323388" lon="35.00108169"><ele>422.000</ele><time>2026-04-10T11:41:50Z</time><speed>11.990</speed><sat>31</sat></trkpt>
  <trkpt lat="31.70332486" lon="35.00103098"><ele>422.000</ele><time>2026-04-10T11:41:51Z</time><speed>11.560</speed><sat>36</sat></trkpt>
  <trkpt lat="31.70342796" lon="35.00098061"><ele>422.000</ele><time>2026-04-10T11:41:52Z</time><speed>12.340</speed><sat>32</sat></trkpt>
  <trkpt lat="31.70352905" lon="35.00093669"><ele>422.000</ele><time>2026-04-10T11:41:53Z</time><speed>11.570</speed><sat>34</sat></trkpt>
  <trkpt lat="31.70362581" lon="35.00088363"><ele>421.000</ele><time>2026-04-10T11:41:54Z</time><speed>11.600</speed><sat>33</sat></trkpt>
  <trkpt lat="31.70372397" lon="35.00083510"><ele>420.000</ele><time>2026-04-10T11:41:55Z</time><speed>11.440</speed><sat>33</sat></trkpt>
  <trkpt lat="31.70382254" lon="35.00079285"><ele>420.000</ele><time>2026-04-10T11:41:56Z</time><speed>10.880</speed><sat>33</sat></trkpt>
  <trkpt lat="31.70391730" lon="35.00075975"><ele>420.000</ele><time>2026-04-10T11:41:57Z</time><speed>10.170</speed><sat>34</sat></trkpt>
  <trkpt lat="31.70399705" lon="35.00073343"><ele>421.000</ele><time>2026-04-10T11:41:58Z</time><speed>8.350</speed><sat>32</sat></trkpt>
  <trkpt lat="31.70406616" lon="35.00071432"><ele>421.000</ele><time>2026-04-10T11:41:59Z</time><speed>7.020</speed><sat>32</sat></trkpt>
  <trkpt lat="31.70412261" lon="35.00071348"><ele>421.000</ele><time>2026-04-10T11:42:00Z</time><speed>6.110</speed><sat>32</sat></trkpt>
  <trkpt lat="31.70417952" lon="35.00072421"><ele>421.000</ele><time>2026-04-10T11:42:01Z</time><speed>5.580</speed><sat>31</sat></trkpt>
  <trkpt lat="31.70422546" lon="35.00074768"><ele>421.000</ele><time>2026-04-10T11:42:02Z</time><speed>5.070</speed><sat>30</sat></trkpt>
  <trkpt lat="31.70426498" lon="35.00076192"><ele>421.000</ele><time>2026-04-10T11:42:03Z</time><speed>4.530</speed><sat>30</sat></trkpt>
  <trkpt lat="31.70431321" lon="35.00075991"><ele>421.000</ele><time>2026-04-10T11:42:04Z</time><speed>5.000</speed><sat>32</sat></trkpt>
  <trkpt lat="31.70435818" lon="35.00074843"><ele>421.000</ele><time>2026-04-10T11:42:05Z</time><speed>5.510</speed><sat>33</sat></trkpt>
  <trkpt lat="31.70440437" lon="35.00072069"><ele>420.000</ele><time>2026-04-10T11:42:06Z</time><speed>5.440</speed><sat>32</sat></trkpt>
  <trkpt lat="31.70444380" lon="35.00068196"><ele>421.000</ele><time>2026-04-10T11:42:07Z</time><speed>5.330</speed><sat>33</sat></trkpt>
  <trkpt lat="31.70448425" lon="35.00065229"><ele>421.000</ele><time>2026-04-10T11:42:08Z</time><speed>5.670</speed><sat>33</sat></trkpt>
  <trkpt lat="31.70452708" lon="35.00064231"><ele>422.000</ele><time>2026-04-10T11:42:09Z</time><speed>5.160</speed><sat>33</sat></trkpt>
  <trkpt lat="31.70457628" lon="35.00064525"><ele>422.000</ele><time>2026-04-10T11:42:10Z</time><speed>5.290</speed><sat>32</sat></trkpt>
  <trkpt lat="31.70462724" lon="35.00065329"><ele>423.000</ele><time>2026-04-10T11:42:11Z</time><speed>6.140</speed><sat>32</sat></trkpt>
  <trkpt lat="31.70468235" lon="35.00067375"><ele>423.000</ele><time>2026-04-10T11:42:12Z</time><speed>6.950</speed><sat>32</sat></trkpt>
  <trkpt lat="31.70474539" lon="35.00069621"><ele>423.000</ele><time>2026-04-10T11:42:13Z</time><speed>7.680</speed><sat>33</sat></trkpt>
  <trkpt lat="31.70481248" lon="35.00072253"><ele>423.000</ele><time>2026-04-10T11:42:14Z</time><speed>7.870</speed><sat>30</sat></trkpt>
  <trkpt lat="31.70487409" lon="35.00075337"><ele>422.000</ele><time>2026-04-10T11:42:15Z</time><speed>7.360</speed><sat>31</sat></trkpt>
  <trkpt lat="31.70492895" lon="35.00080920"><ele>421.000</ele><time>2026-04-10T11:42:16Z</time><speed>7.350</speed><sat>30</sat></trkpt>
  <trkpt lat="31.70496637" lon="35.00089377"><ele>421.000</ele><time>2026-04-10T11:42:17Z</time><speed>8.240</speed><sat>30</sat></trkpt>
  <trkpt lat="31.70499538" lon="35.00097474"><ele>421.000</ele><time>2026-04-10T11:42:18Z</time><speed>8.280</speed><sat>29</sat></trkpt>
  <trkpt lat="31.70502350" lon="35.00106493"><ele>421.000</ele><time>2026-04-10T11:42:19Z</time><speed>9.170</speed><sat>29</sat></trkpt>
  <trkpt lat="31.70504680" lon="35.00115990"><ele>421.000</ele><time>2026-04-10T11:42:20Z</time><speed>9.620</speed><sat>30</sat></trkpt>
  <trkpt lat="31.70506767" lon="35.00125386"><ele>420.000</ele><time>2026-04-10T11:42:21Z</time><speed>9.270</speed><sat>25</sat></trkpt>
  <trkpt lat="31.70508670" lon="35.00135511"><ele>420.000</ele><time>2026-04-10T11:42:22Z</time><speed>8.610</speed><sat>26</sat></trkpt>
  <trkpt lat="31.70508816" lon="35.00146106"><ele>420.000</ele><time>2026-04-10T11:42:23Z</time><speed>8.260</speed><sat>25</sat></trkpt>
  <trkpt lat="31.70508121" lon="35.00153817"><ele>420.000</ele><time>2026-04-10T11:42:24Z</time><speed>7.410</speed><sat>24</sat></trkpt>
  <trkpt lat="31.70505899" lon="35.00160657"><ele>421.000</ele><time>2026-04-10T11:42:25Z</time><speed>6.930</speed><sat>25</sat></trkpt>
  <trkpt lat="31.70502601" lon="35.00167044"><ele>421.000</ele><time>2026-04-10T11:42:26Z</time><speed>6.970</speed><sat>29</sat></trkpt>
  <trkpt lat="31.70499290" lon="35.00171989"><ele>421.000</ele><time>2026-04-10T11:42:27Z</time><speed>6.480</speed><sat>30</sat></trkpt>
  <trkpt lat="31.70494986" lon="35.00176348"><ele>421.000</ele><time>2026-04-10T11:42:28Z</time><speed>6.180</speed><sat>28</sat></trkpt>
  <trkpt lat="31.70489534" lon="35.00178946"><ele>422.000</ele><time>2026-04-10T11:42:29Z</time><speed>5.500</speed><sat>26</sat></trkpt>
  <trkpt lat="31.70485653" lon="35.00181830"><ele>422.000</ele><time>2026-04-10T11:42:30Z</time><speed>4.690</speed><sat>28</sat></trkpt>
  <trkpt lat="31.70483436" lon="35.00185275"><ele>421.000</ele><time>2026-04-10T11:42:31Z</time><speed>3.720</speed><sat>28</sat></trkpt>
  <trkpt lat="31.70482485" lon="35.00189541"><ele>421.000</ele><time>2026-04-10T11:42:32Z</time><speed>4.130</speed><sat>30</sat></trkpt>
  <trkpt lat="31.70483524" lon="35.00194486"><ele>421.000</ele><time>2026-04-10T11:42:33Z</time><speed>4.790</speed><sat>32</sat></trkpt>
  <trkpt lat="31.70486386" lon="35.00199557"><ele>421.000</ele><time>2026-04-10T11:42:34Z</time><speed>5.080</speed><sat>31</sat></trkpt>
  <trkpt lat="31.70489387" lon="35.00202684"><ele>420.000</ele><time>2026-04-10T11:42:35Z</time><speed>5.090</speed><sat>31</sat></trkpt>
  <trkpt lat="31.70494035" lon="35.00202667"><ele>420.000</ele><time>2026-04-10T11:42:36Z</time><speed>4.790</speed><sat>31</sat></trkpt>
  <trkpt lat="31.70498297" lon="35.00199767"><ele>420.000</ele><time>2026-04-10T11:42:37Z</time><speed>4.870</speed><sat>33</sat></trkpt>
  <trkpt lat="31.70502438" lon="35.00195215"><ele>420.000</ele><time>2026-04-10T11:42:38Z</time><speed>5.090</speed><sat>33</sat></trkpt>
  <trkpt lat="31.70503963" lon="35.00189524"><ele>420.000</ele><time>2026-04-10T11:42:39Z</time><speed>5.360</speed><sat>28</sat></trkpt>
  <trkpt lat="31.70505053" lon="35.00183565"><ele>419.000</ele><time>2026-04-10T11:42:40Z</time><speed>5.380</speed><sat>30</sat></trkpt>
  <trkpt lat="31.70505765" lon="35.00178150"><ele>419.000</ele><time>2026-04-10T11:42:41Z</time><speed>5.420</speed><sat>32</sat></trkpt>
  <trkpt lat="31.70508469" lon="35.00172081"><ele>418.000</ele><time>2026-04-10T11:42:42Z</time><speed>6.190</speed><sat>28</sat></trkpt>
  <trkpt lat="31.70511775" lon="35.00166784"><ele>417.000</ele><time>2026-04-10T11:42:43Z</time><speed>6.610</speed><sat>28</sat></trkpt>
  <trkpt lat="31.70515526" lon="35.00161227"><ele>417.000</ele><time>2026-04-10T11:42:44Z</time><speed>7.320</speed><sat>29</sat></trkpt>
  <trkpt lat="31.70519264" lon="35.00153557"><ele>416.000</ele><time>2026-04-10T11:42:45Z</time><speed>7.520</speed><sat>30</sat></trkpt>
  <trkpt lat="31.70521494" lon="35.00146726"><ele>416.000</ele><time>2026-04-10T11:42:46Z</time><speed>6.800</speed><sat>24</sat></trkpt>
  <trkpt lat="31.70523212" lon="35.00139526"><ele>416.000</ele><time>2026-04-10T11:42:47Z</time><speed>6.960</speed><sat>26</sat></trkpt>
  <trkpt lat="31.70521968" lon="35.00132552"><ele>416.000</ele><time>2026-04-10T11:42:48Z</time><speed>5.670</speed><sat>26</sat></trkpt>
  <trkpt lat="31.70520040" lon="35.00125537"><ele>418.000</ele><time>2026-04-10T11:42:49Z</time><speed>6.640</speed><sat>25</sat></trkpt>
  <trkpt lat="31.70518363" lon="35.00117331"><ele>418.000</ele><time>2026-04-10T11:42:50Z</time><speed>7.490</speed><sat>27</sat></trkpt>
  <trkpt lat="31.70516159" lon="35.00107985"><ele>419.000</ele><time>2026-04-10T11:42:51Z</time><speed>8.690</speed><sat>25</sat></trkpt>
  <trkpt lat="31.70513024" lon="35.00098136"><ele>419.000</ele><time>2026-04-10T11:42:52Z</time><speed>8.770</speed><sat>28</sat></trkpt>
  <trkpt lat="31.70508909" lon="35.00090048"><ele>419.000</ele><time>2026-04-10T11:42:53Z</time><speed>8.590</speed><sat>26</sat></trkpt>
  <trkpt lat="31.70503397" lon="35.00082378"><ele>418.000</ele><time>2026-04-10T11:42:54Z</time><speed>8.480</speed><sat>27</sat></trkpt>
  <trkpt lat="31.70497295" lon="35.00075824"><ele>418.000</ele><time>2026-04-10T11:42:55Z</time><speed>8.920</speed><sat>29</sat></trkpt>
  <trkpt lat="31.70490829" lon="35.00070241"><ele>418.000</ele><time>2026-04-10T11:42:56Z</time><speed>8.670</speed><sat>31</sat></trkpt>
  <trkpt lat="31.70483029" lon="35.00066059"><ele>417.000</ele><time>2026-04-10T11:42:57Z</time><speed>8.630</speed><sat>31</sat></trkpt>
  <trkpt lat="31.70474974" lon="35.00062597"><ele>416.000</ele><time>2026-04-10T11:42:58Z</time><speed>8.530</speed><sat>28</sat></trkpt>
  <trkpt lat="31.70466295" lon="35.00059705"><ele>416.000</ele><time>2026-04-10T11:42:59Z</time><speed>8.770</speed><sat>26</sat></trkpt>
  <trkpt lat="31.70457989" lon="35.00057610"><ele>415.000</ele><time>2026-04-10T11:43:00Z</time><speed>8.710</speed><sat>27</sat></trkpt>
  <trkpt lat="31.70450675" lon="35.00057115"><ele>414.000</ele><time>2026-04-10T11:43:01Z</time><speed>7.860</speed><sat>30</sat></trkpt>
  <trkpt lat="31.70443467" lon="35.00057618"><ele>414.000</ele><time>2026-04-10T11:43:02Z</time><speed>7.730</speed><sat>29</sat></trkpt>
  <trkpt lat="31.70436330" lon="35.00057652"><ele>413.000</ele><time>2026-04-10T11:43:03Z</time><speed>7.480</speed><sat>30</sat></trkpt>
  <trkpt lat="31.70430144" lon="35.00057057"><ele>414.000</ele><time>2026-04-10T11:43:04Z</time><speed>5.850</speed><sat>28</sat></trkpt>
  <trkpt lat="31.70424616" lon="35.00055950"><ele>414.000</ele><time>2026-04-10T11:43:05Z</time><speed>5.380</speed><sat>27</sat></trkpt>
  <trkpt lat="31.70419176" lon="35.00056855"><ele>415.000</ele><time>2026-04-10T11:43:06Z</time><speed>6.160</speed><sat>26</sat></trkpt>
  <trkpt lat="31.70413824" lon="35.00057568"><ele>415.000</ele><time>2026-04-10T11:43:07Z</time><speed>6.060</speed><sat>28</sat></trkpt>
  <trkpt lat="31.70410530" lon="35.00060225"><ele>415.000</ele><time>2026-04-10T11:43:08Z</time><speed>4.280</speed><sat>29</sat></trkpt>
  <trkpt lat="31.70407580" lon="35.00063527"><ele>414.000</ele><time>2026-04-10T11:43:09Z</time><speed>5.330</speed><sat>31</sat></trkpt>
  <trkpt lat="31.70403959" lon="35.00066059"><ele>414.000</ele><time>2026-04-10T11:43:10Z</time><speed>5.540</speed><sat>30</sat></trkpt>
  <trkpt lat="31.70400765" lon="35.00069462"><ele>414.000</ele><time>2026-04-10T11:43:11Z</time><speed>5.580</speed><sat>31</sat></trkpt>
  <trkpt lat="31.70395690" lon="35.00072136"><ele>414.000</ele><time>2026-04-10T11:43:12Z</time><speed>7.160</speed><sat>29</sat></trkpt>
  <trkpt lat="31.70389655" lon="35.00075849"><ele>414.000</ele><time>2026-04-10T11:43:13Z</time><speed>7.800</speed><sat>32</sat></trkpt>
  <trkpt lat="31.70382715" lon="35.00078715"><ele>414.000</ele><time>2026-04-10T11:43:14Z</time><speed>8.480</speed><sat>31</sat></trkpt>
  <trkpt lat="31.70374941" lon="35.00081984"><ele>414.000</ele><time>2026-04-10T11:43:15Z</time><speed>9.180</speed><sat>32</sat></trkpt>
  <trkpt lat="31.70366689" lon="35.00085086"><ele>414.000</ele><time>2026-04-10T11:43:16Z</time><speed>9.510</speed><sat>32</sat></trkpt>
  <trkpt lat="31.70358835" lon="35.00088095"><ele>414.000</ele><time>2026-04-10T11:43:17Z</time><speed>9.510</speed><sat>32</sat></trkpt>
  <trkpt lat="31.70349900" lon="35.00091758"><ele>414.000</ele><time>2026-04-10T11:43:18Z</time><speed>10.290</speed><sat>32</sat></trkpt>
  <trkpt lat="31.70340617" lon="35.00096586"><ele>414.000</ele><time>2026-04-10T11:43:19Z</time><speed>10.140</speed><sat>31</sat></trkpt>
  <trkpt lat="31.70332050" lon="35.00101212"><ele>414.000</ele><time>2026-04-10T11:43:20Z</time><speed>10.590</speed><sat>29</sat></trkpt>
  <trkpt lat="31.70323467" lon="35.00106527"><ele>414.000</ele><time>2026-04-10T11:43:21Z</time><speed>11.010</speed><sat>30</sat></trkpt>
  <trkpt lat="31.70314930" lon="35.00111531"><ele>415.000</ele><time>2026-04-10T11:43:22Z</time><speed>10.710</speed><sat>29</sat></trkpt>
  <trkpt lat="31.70306632" lon="35.00116845"><ele>415.000</ele><time>2026-04-10T11:43:23Z</time><speed>10.810</speed><sat>31</sat></trkpt>
  <trkpt lat="31.70298192" lon="35.00121480"><ele>415.000</ele><time>2026-04-10T11:43:24Z</time><speed>10.440</speed><sat>31</sat></trkpt>
  <trkpt lat="31.70289894" lon="35.00125931"><ele>415.000</ele><time>2026-04-10T11:43:25Z</time><speed>9.890</speed><sat>29</sat></trkpt>
  <trkpt lat="31.70281763" lon="35.00129736"><ele>415.000</ele><time>2026-04-10T11:43:26Z</time><speed>9.210</speed><sat>31</sat></trkpt>
  <trkpt lat="31.70274312" lon="35.00134438"><ele>415.000</ele><time>2026-04-10T11:43:27Z</time><speed>8.920</speed><sat>31</sat></trkpt>
  <trkpt lat="31.70268029" lon="35.00140037"><ele>415.000</ele><time>2026-04-10T11:43:28Z</time><speed>8.980</speed><sat>31</sat></trkpt>
  <trkpt lat="31.70261764" lon="35.00145913"><ele>415.000</ele><time>2026-04-10T11:43:29Z</time><speed>9.030</speed><sat>31</sat></trkpt>
  <trkpt lat="31.70255364" lon="35.00152191"><ele>415.000</ele><time>2026-04-10T11:43:30Z</time><speed>9.290</speed><sat>30</sat></trkpt>
  <trkpt lat="31.70247490" lon="35.00157773"><ele>415.000</ele><time>2026-04-10T11:43:31Z</time><speed>9.230</speed><sat>31</sat></trkpt>
  <trkpt lat="31.70241907" lon="35.00165200"><ele>414.000</ele><time>2026-04-10T11:43:32Z</time><speed>8.510</speed><sat>31</sat></trkpt>
  <trkpt lat="31.70237637" lon="35.00172559"><ele>413.000</ele><time>2026-04-10T11:43:33Z</time><speed>8.040</speed><sat>31</sat></trkpt>
  <trkpt lat="31.70234112" lon="35.00179986"><ele>413.000</ele><time>2026-04-10T11:43:34Z</time><speed>8.400</speed><sat>32</sat></trkpt>
  <trkpt lat="31.70229179" lon="35.00186532"><ele>413.000</ele><time>2026-04-10T11:43:35Z</time><speed>7.650</speed><sat>32</sat></trkpt>
  <trkpt lat="31.70224540" lon="35.00191829"><ele>413.000</ele><time>2026-04-10T11:43:36Z</time><speed>7.310</speed><sat>28</sat></trkpt>
  <trkpt lat="31.70219955" lon="35.00196934"><ele>413.000</ele><time>2026-04-10T11:43:37Z</time><speed>6.620</speed><sat>30</sat></trkpt>
  <trkpt lat="31.70216242" lon="35.00202684"><ele>413.000</ele><time>2026-04-10T11:43:38Z</time><speed>6.340</speed><sat>27</sat></trkpt>
  <trkpt lat="31.70213677" lon="35.00208719"><ele>411.000</ele><time>2026-04-10T11:43:39Z</time><speed>6.540</speed><sat>32</sat></trkpt>
  <trkpt lat="31.70210173" lon="35.00214670"><ele>410.000</ele><time>2026-04-10T11:43:40Z</time><speed>7.320</speed><sat>31</sat></trkpt>
  <trkpt lat="31.70205643" lon="35.00222649"><ele>409.000</ele><time>2026-04-10T11:43:41Z</time><speed>8.180</speed><sat>31</sat></trkpt>
  <trkpt lat="31.70201263" lon="35.00230931"><ele>409.000</ele><time>2026-04-10T11:43:42Z</time><speed>9.320</speed><sat>31</sat></trkpt>
  <trkpt lat="31.70197990" lon="35.00239623"><ele>409.000</ele><time>2026-04-10T11:43:43Z</time><speed>9.930</speed><sat>27</sat></trkpt>
  <trkpt lat="31.70194755" lon="35.00248524"><ele>409.000</ele><time>2026-04-10T11:43:44Z</time><speed>10.570</speed><sat>26</sat></trkpt>
  <trkpt lat="31.70191322" lon="35.00258390"><ele>410.000</ele><time>2026-04-10T11:43:45Z</time><speed>10.290</speed><sat>30</sat></trkpt>
  <trkpt lat="31.70186826" lon="35.00268155"><ele>409.000</ele><time>2026-04-10T11:43:46Z</time><speed>10.720</speed><sat>30</sat></trkpt>
  <trkpt lat="31.70182165" lon="35.00278599"><ele>409.000</ele><time>2026-04-10T11:43:47Z</time><speed>10.900</speed><sat>32</sat></trkpt>
  <trkpt lat="31.70176273" lon="35.00288975"><ele>410.000</ele><time>2026-04-10T11:43:48Z</time><speed>10.960</speed><sat>31</sat></trkpt>
  <trkpt lat="31.70169668" lon="35.00298539"><ele>411.000</ele><time>2026-04-10T11:43:49Z</time><speed>11.250</speed><sat>29</sat></trkpt>
  <trkpt lat="31.70162744" lon="35.00307600"><ele>411.000</ele><time>2026-04-10T11:43:50Z</time><speed>11.080</speed><sat>29</sat></trkpt>
  <trkpt lat="31.70155209" lon="35.00315580"><ele>411.000</ele><time>2026-04-10T11:43:51Z</time><speed>11.190</speed><sat>29</sat></trkpt>
  <trkpt lat="31.70147338" lon="35.00323081"><ele>412.000</ele><time>2026-04-10T11:43:52Z</time><speed>11.620</speed><sat>31</sat></trkpt>
  <trkpt lat="31.70138198" lon="35.00330231"><ele>413.000</ele><time>2026-04-10T11:43:53Z</time><speed>11.570</speed><sat>33</sat></trkpt>
  <trkpt lat="31.70128701" lon="35.00336836"><ele>414.000</ele><time>2026-04-10T11:43:54Z</time><speed>11.680</speed><sat>32</sat></trkpt>
  <trkpt lat="31.70120068" lon="35.00342770"><ele>415.000</ele><time>2026-04-10T11:43:55Z</time><speed>11.130</speed><sat>32</sat></trkpt>
  <trkpt lat="31.70112461" lon="35.00347733"><ele>415.000</ele><time>2026-04-10T11:43:56Z</time><speed>8.140</speed><sat>31</sat></trkpt>
  <trkpt lat="31.70107218" lon="35.00352074"><ele>416.000</ele><time>2026-04-10T11:43:57Z</time><speed>5.300</speed><sat>31</sat></trkpt>
  <trkpt lat="31.70103908" lon="35.00354472"><ele>416.000</ele><time>2026-04-10T11:43:58Z</time><speed>3.690</speed><sat>28</sat></trkpt>
  <trkpt lat="31.70101037" lon="35.00356131"><ele>416.000</ele><time>2026-04-10T11:43:59Z</time><speed>3.530</speed><sat>29</sat></trkpt>
  <trkpt lat="31.70097965" lon="35.00357950"><ele>416.000</ele><time>2026-04-10T11:44:00Z</time><speed>3.630</speed><sat>28</sat></trkpt>
  <trkpt lat="31.70094348" lon="35.00359945"><ele>417.000</ele><time>2026-04-10T11:44:01Z</time><speed>5.170</speed><sat>31</sat></trkpt>
  <trkpt lat="31.70088979" lon="35.00362946"><ele>417.000</ele><time>2026-04-10T11:44:02Z</time><speed>6.750</speed><sat>27</sat></trkpt>
  <trkpt lat="31.70083246" lon="35.00367413"><ele>417.000</ele><time>2026-04-10T11:44:03Z</time><speed>7.490</speed><sat>31</sat></trkpt>
  <trkpt lat="31.70075803" lon="35.00371294"><ele>418.000</ele><time>2026-04-10T11:44:04Z</time><speed>8.460</speed><sat>25</sat></trkpt>
  <trkpt lat="31.70067689" lon="35.00377052"><ele>419.000</ele><time>2026-04-10T11:44:05Z</time><speed>9.750</speed><sat>30</sat></trkpt>
  <trkpt lat="31.70059085" lon="35.00381344"><ele>420.000</ele><time>2026-04-10T11:44:06Z</time><speed>10.580</speed><sat>29</sat></trkpt>
  <trkpt lat="31.70050045" lon="35.00385107"><ele>420.000</ele><time>2026-04-10T11:44:07Z</time><speed>11.150</speed><sat>27</sat></trkpt>
  <trkpt lat="31.70040285" lon="35.00389533"><ele>420.000</ele><time>2026-04-10T11:44:08Z</time><speed>12.070</speed><sat>30</sat></trkpt>
  <trkpt lat="31.70028772" lon="35.00394193"><ele>420.000</ele><time>2026-04-10T11:44:09Z</time><speed>12.770</speed><sat>28</sat></trkpt>
  <trkpt lat="31.70018408" lon="35.00399256"><ele>419.000</ele><time>2026-04-10T11:44:10Z</time><speed>12.570</speed><sat>27</sat></trkpt>
  <trkpt lat="31.70008081" lon="35.00404730"><ele>419.000</ele><time>2026-04-10T11:44:11Z</time><speed>12.620</speed><sat>28</sat></trkpt>
  <trkpt lat="31.69997219" lon="35.00410245"><ele>419.000</ele><time>2026-04-10T11:44:12Z</time><speed>13.250</speed><sat>26</sat></trkpt>
  <trkpt lat="31.69986527" lon="35.00415391"><ele>418.000</ele><time>2026-04-10T11:44:13Z</time><speed>12.590</speed><sat>29</sat></trkpt>
  <trkpt lat="31.69975602" lon="35.00419373"><ele>419.000</ele><time>2026-04-10T11:44:14Z</time><speed>12.490</speed><sat>28</sat></trkpt>
  <trkpt lat="31.69965221" lon="35.00423136"><ele>418.000</ele><time>2026-04-10T11:44:15Z</time><speed>12.400</speed><sat>28</sat></trkpt>
  <trkpt lat="31.69955032" lon="35.00427034"><ele>417.000</ele><time>2026-04-10T11:44:16Z</time><speed>12.430</speed><sat>30</sat></trkpt>
  <trkpt lat="31.69944651" lon="35.00430554"><ele>416.000</ele><time>2026-04-10T11:44:17Z</time><speed>12.400</speed><sat>27</sat></trkpt>
  <trkpt lat="31.69933692" lon="35.00434175"><ele>416.000</ele><time>2026-04-10T11:44:18Z</time><speed>12.350</speed><sat>26</sat></trkpt>
  <trkpt lat="31.69923915" lon="35.00437511"><ele>416.000</ele><time>2026-04-10T11:44:19Z</time><speed>10.810</speed><sat>24</sat></trkpt>
  <trkpt lat="31.69915072" lon="35.00440034"><ele>416.000</ele><time>2026-04-10T11:44:20Z</time><speed>9.890</speed><sat>29</sat></trkpt>
  <trkpt lat="31.69906413" lon="35.00441669"><ele>417.000</ele><time>2026-04-10T11:44:21Z</time><speed>8.980</speed><sat>27</sat></trkpt>
  <trkpt lat="31.69898090" lon="35.00440956"><ele>417.000</ele><time>2026-04-10T11:44:22Z</time><speed>8.710</speed><sat>30</sat></trkpt>
  <trkpt lat="31.69889645" lon="35.00439816"><ele>417.000</ele><time>2026-04-10T11:44:23Z</time><speed>9.130</speed><sat>28</sat></trkpt>
  <trkpt lat="31.69881699" lon="35.00437436"><ele>417.000</ele><time>2026-04-10T11:44:24Z</time><speed>8.270</speed><sat>30</sat></trkpt>
  <trkpt lat="31.69874537" lon="35.00433220"><ele>418.000</ele><time>2026-04-10T11:44:25Z</time><speed>8.070</speed><sat>32</sat></trkpt>
  <trkpt lat="31.69867320" lon="35.00430571"><ele>417.000</ele><time>2026-04-10T11:44:26Z</time><speed>7.460</speed><sat>32</sat></trkpt>
  <trkpt lat="31.69861239" lon="35.00429029"><ele>418.000</ele><time>2026-04-10T11:44:27Z</time><speed>6.150</speed><sat>32</sat></trkpt>
  <trkpt lat="31.69856306" lon="35.00426757"><ele>417.000</ele><time>2026-04-10T11:44:28Z</time><speed>6.020</speed><sat>31</sat></trkpt>
  <trkpt lat="31.69851650" lon="35.00423270"><ele>417.000</ele><time>2026-04-10T11:44:29Z</time><speed>5.140</speed><sat>32</sat></trkpt>
  <trkpt lat="31.69848410" lon="35.00418476"><ele>417.000</ele><time>2026-04-10T11:44:30Z</time><speed>5.070</speed><sat>30</sat></trkpt>
  <trkpt lat="31.69845468" lon="35.00412667"><ele>417.000</ele><time>2026-04-10T11:44:31Z</time><speed>5.170</speed><sat>33</sat></trkpt>
  <trkpt lat="31.69841935" lon="35.00410111"><ele>416.000</ele><time>2026-04-10T11:44:32Z</time><speed>4.260</speed><sat>34</sat></trkpt>
  <trkpt lat="31.69839073" lon="35.00408141"><ele>416.000</ele><time>2026-04-10T11:44:33Z</time><speed>4.400</speed><sat>34</sat></trkpt>
  <trkpt lat="31.69834899" lon="35.00407093"><ele>416.000</ele><time>2026-04-10T11:44:34Z</time><speed>4.270</speed><sat>35</sat></trkpt>
  <trkpt lat="31.69829874" lon="35.00408795"><ele>416.000</ele><time>2026-04-10T11:44:35Z</time><speed>4.860</speed><sat>35</sat></trkpt>
  <trkpt lat="31.69826462" lon="35.00412181"><ele>416.000</ele><time>2026-04-10T11:44:36Z</time><speed>5.490</speed><sat>35</sat></trkpt>
  <trkpt lat="31.69824166" lon="35.00416741"><ele>416.000</ele><time>2026-04-10T11:44:37Z</time><speed>5.030</speed><sat>36</sat></trkpt>
  <trkpt lat="31.69823525" lon="35.00422516"><ele>416.000</ele><time>2026-04-10T11:44:38Z</time><speed>5.380</speed><sat>35</sat></trkpt>
  <trkpt lat="31.69823361" lon="35.00427470"><ele>416.000</ele><time>2026-04-10T11:44:39Z</time><speed>5.340</speed><sat>36</sat></trkpt>
  <trkpt lat="31.69824455" lon="35.00432616"><ele>415.000</ele><time>2026-04-10T11:44:40Z</time><speed>5.050</speed><sat>36</sat></trkpt>
  <trkpt lat="31.69823684" lon="35.00437545"><ele>416.000</ele><time>2026-04-10T11:44:41Z</time><speed>5.090</speed><sat>33</sat></trkpt>
  <trkpt lat="31.69822188" lon="35.00443085"><ele>416.000</ele><time>2026-04-10T11:44:42Z</time><speed>5.590</speed><sat>35</sat></trkpt>
  <trkpt lat="31.69819640" lon="35.00449740"><ele>415.000</ele><time>2026-04-10T11:44:43Z</time><speed>6.420</speed><sat>35</sat></trkpt>
  <trkpt lat="31.69816589" lon="35.00456622"><ele>415.000</ele><time>2026-04-10T11:44:44Z</time><speed>7.010</speed><sat>35</sat></trkpt>
  <trkpt lat="31.69812620" lon="35.00463160"><ele>415.000</ele><time>2026-04-10T11:44:45Z</time><speed>7.040</speed><sat>35</sat></trkpt>
  <trkpt lat="31.69808089" lon="35.00469572"><ele>415.000</ele><time>2026-04-10T11:44:46Z</time><speed>7.170</speed><sat>36</sat></trkpt>
  <trkpt lat="31.69803115" lon="35.00475716"><ele>414.000</ele><time>2026-04-10T11:44:47Z</time><speed>7.230</speed><sat>33</sat></trkpt>
  <trkpt lat="31.69798069" lon="35.00480804"><ele>414.000</ele><time>2026-04-10T11:44:48Z</time><speed>7.390</speed><sat>34</sat></trkpt>
  <trkpt lat="31.69793216" lon="35.00486210"><ele>413.000</ele><time>2026-04-10T11:44:49Z</time><speed>7.180</speed><sat>32</sat></trkpt>
  <trkpt lat="31.69788354" lon="35.00491482"><ele>412.000</ele><time>2026-04-10T11:44:50Z</time><speed>6.580</speed><sat>31</sat></trkpt>
  <trkpt lat="31.69784721" lon="35.00496495"><ele>412.000</ele><time>2026-04-10T11:44:51Z</time><speed>6.230</speed><sat>32</sat></trkpt>
  <trkpt lat="31.69781246" lon="35.00500283"><ele>412.000</ele><time>2026-04-10T11:44:52Z</time><speed>5.050</speed><sat>28</sat></trkpt>
  <trkpt lat="31.69776578" lon="35.00501985"><ele>412.000</ele><time>2026-04-10T11:44:53Z</time><speed>5.580</speed><sat>32</sat></trkpt>
  <trkpt lat="31.69772697" lon="35.00502295"><ele>412.000</ele><time>2026-04-10T11:44:54Z</time><speed>5.040</speed><sat>32</sat></trkpt>
  <trkpt lat="31.69767793" lon="35.00501046"><ele>412.000</ele><time>2026-04-10T11:44:55Z</time><speed>5.020</speed><sat>34</sat></trkpt>
  <trkpt lat="31.69763854" lon="35.00498858"><ele>412.000</ele><time>2026-04-10T11:44:56Z</time><speed>4.230</speed><sat>31</sat></trkpt>
  <trkpt lat="31.69759172" lon="35.00496612"><ele>410.000</ele><time>2026-04-10T11:44:57Z</time><speed>4.150</speed><sat>30</sat></trkpt>
  <trkpt lat="31.69756117" lon="35.00494885"><ele>410.000</ele><time>2026-04-10T11:44:58Z</time><speed>3.580</speed><sat>32</sat></trkpt>
  <trkpt lat="31.69754311" lon="35.00493351"><ele>410.000</ele><time>2026-04-10T11:44:59Z</time><speed>2.200</speed><sat>30</sat></trkpt>
  <trkpt lat="31.69753146" lon="35.00491650"><ele>409.000</ele><time>2026-04-10T11:45:00Z</time><speed>1.500</speed><sat>29</sat></trkpt>
  <trkpt lat="31.69752521" lon="35.00491231"><ele>409.000</ele><time>2026-04-10T11:45:01Z</time><speed>0.040</speed><sat>32</sat></trkpt>
 </trkseg>
</trk>

</gpx>
 