<?xml version="1.0" encoding="UTF-8"?>
<!-- Created with BasicAirData GPS Logger for Android - ver. 3.2.3 -->
<!-- Track 1 = 705 TrackPoints + 12 Placemarks -->

<!-- Track Statistics (based on Total Time | Time in Movement): -->
<!--  Distance = 3.94 km -->
<!--  Duration = 11:44 | 10:08 -->
<!--  Altitude Gap = -48 m -->
<!--  Max Speed = 58 km/h -->
<!--  Avg Speed = 20.1 | 23.3 km/h -->
<!--  Direction = NW -->
<!--  Activity = car -->
<!--  Altitudes = Raw -->

<gpx version="1.0"
     creator="BasicAirData GPS Logger 3.2.3"
     xmlns="http://www.topografix.com/GPX/1/0"
     xmlns:xsi="http://www.w3.org/2001/XMLSchema-instance"
     xsi:schemaLocation="http://www.topografix.com/GPX/1/0 http://www.topografix.com/GPX/1/0/gpx.xsd">
<name>GPS Logger 20260410-130100</name>
<time>2026-04-10T10:39:37Z</time>
<keywords>car</keywords>
<bounds minlat="31.69818324" minlon="34.98880497" maxlat="31.71482362" maxlon="35.00614990" />

<wpt lat="31.69818407" lon="35.00278423"><ele>419.000</ele><time>2026-04-10T10:01:01Z</time><name>Stop</name><sat>37</sat></wpt>

<wpt lat="31.69892424" lon="35.00445700"><ele>421.000</ele><time>2026-04-10T10:01:38Z</time><name>Stop no passangers</name><sat>31</sat></wpt>

<wpt lat="31.70144912" lon="35.00334347"><ele>415.000</ele><time>2026-04-10T10:02:12Z</time><name>Stop no passangers</name><sat>36</sat></wpt>

<wpt lat="31.70244338" lon="35.00271943"><ele>418.000</ele><time>2026-04-10T10:02:57Z</time><name>Stop</name><sat>38</sat></wpt>

<wpt lat="31.70108296" lon="35.00611603"><ele>412.000</ele><time>2026-04-10T10:05:04Z</time><name>Stop</name><sat>38</sat></wpt>

<wpt lat="31.70387568" lon="35.00494190"><ele>405.000</ele><time>2026-04-10T10:06:13Z</time><name>Stop no passangers</name><sat>34</sat></wpt>

<wpt lat="31.70531808" lon="35.00343315"><ele>395.000</ele><time>2026-04-10T10:06:45Z</time><name>Stop no passangers</name><sat>38</sat></wpt>

<wpt lat="31.70736314" lon="35.00012842"><ele>400.000</ele><time>2026-04-10T10:07:22Z</time><name>Stop</name><sat>38</sat></wpt>

<wpt lat="31.70852349" lon="34.99501554"><ele>375.000</ele><time>2026-04-10T10:08:27Z</time><name>Stop</name><sat>36</sat></wpt>

<wpt lat="31.70935162" lon="34.99089265"><ele>365.000</ele><time>2026-04-10T10:09:23Z</time><name>Stop</name><sat>31</sat></wpt>

<wpt lat="31.71180500" lon="34.99050843"><ele>372.000</ele><time>2026-04-10T10:10:35Z</time><name>Stop</name><sat>37</sat></wpt>

<wpt lat="31.71482215" lon="34.98882995"><ele>371.000</ele><time>2026-04-10T10:12:40Z</time><name>Stop</name><sat>38</sat></wpt>

<trk>
 <name>Track 20260410-130100</name>
 <trkseg>
  <trkpt lat="31.69818324" lon="35.00277216"><ele>419.000</ele><time>2026-04-10T10:01:00Z</time><speed>0.430</speed><sat>36</sat></trkpt>
  <trkpt lat="31.69818407" lon="35.00278423"><ele>419.000</ele><time>2026-04-10T10:01:01Z</time><speed>0.470</speed><sat>37</sat></trkpt>
  <trkpt lat="31.69819346" lon="35.00278314"><ele>418.000</ele><time>2026-04-10T10:01:02Z</time><speed>0.230</speed><sat>36</sat></trkpt>
  <trkpt lat="31.69819874" lon="35.00279956"><ele>419.000</ele><time>2026-04-10T10:01:03Z</time><speed>1.270</speed><sat>35</sat></trkpt>
  <trkpt lat="31.69820356" lon="35.00282572"><ele>418.000</ele><time>2026-04-10T10:01:04Z</time><speed>3.050</speed><sat>36</sat></trkpt>
  <trkpt lat="31.69820750" lon="35.00286360"><ele>418.000</ele><time>2026-04-10T10:01:05Z</time><speed>5.020</speed><sat>37</sat></trkpt>
  <trkpt lat="31.69822502" lon="35.00292739"><ele>416.000</ele><time>2026-04-10T10:01:06Z</time><speed>5.270</speed><sat>37</sat></trkpt>
  <trkpt lat="31.69823093" lon="35.00299595"><ele>418.000</ele><time>2026-04-10T10:01:07Z</time><speed>7.050</speed><sat>37</sat></trkpt>
  <trkpt lat="31.69823784" lon="35.00307458"><ele>418.000</ele><time>2026-04-10T10:01:08Z</time><speed>7.600</speed><sat>34</sat></trkpt>
  <trkpt lat="31.69825540" lon="35.00316091"><ele>419.000</ele><time>2026-04-10T10:01:09Z</time><speed>8.840</speed><sat>36</sat></trkpt>
  <trkpt lat="31.69827058" lon="35.00326753"><ele>421.000</ele><time>2026-04-10T10:01:10Z</time><speed>9.060</speed><sat>37</sat></trkpt>
  <trkpt lat="31.69829015" lon="35.00336342"><ele>422.000</ele><time>2026-04-10T10:01:11Z</time><speed>8.440</speed><sat>37</sat></trkpt>
  <trkpt lat="31.69830729" lon="35.00344363"><ele>423.000</ele><time>2026-04-10T10:01:12Z</time><speed>7.300</speed><sat>37</sat></trkpt>
  <trkpt lat="31.69832141" lon="35.00351697"><ele>423.000</ele><time>2026-04-10T10:01:13Z</time><speed>5.860</speed><sat>37</sat></trkpt>
  <trkpt lat="31.69832904" lon="35.00357883"><ele>424.000</ele><time>2026-04-10T10:01:14Z</time><speed>5.730</speed><sat>37</sat></trkpt>
  <trkpt lat="31.69833449" lon="35.00364857"><ele>425.000</ele><time>2026-04-10T10:01:15Z</time><speed>7.180</speed><sat>37</sat></trkpt>
  <trkpt lat="31.69834199" lon="35.00373188"><ele>424.000</ele><time>2026-04-10T10:01:16Z</time><speed>7.910</speed><sat>35</sat></trkpt>
  <trkpt lat="31.69834337" lon="35.00381839"><ele>424.000</ele><time>2026-04-10T10:01:17Z</time><speed>8.180</speed><sat>35</sat></trkpt>
  <trkpt lat="31.69833612" lon="35.00389332"><ele>423.000</ele><time>2026-04-10T10:01:18Z</time><speed>6.260</speed><sat>35</sat></trkpt>
  <trkpt lat="31.69833629" lon="35.00395459"><ele>423.000</ele><time>2026-04-10T10:01:19Z</time><speed>4.900</speed><sat>35</sat></trkpt>
  <trkpt lat="31.69832891" lon="35.00401075"><ele>422.000</ele><time>2026-04-10T10:01:20Z</time><speed>5.710</speed><sat>34</sat></trkpt>
  <trkpt lat="31.69830917" lon="35.00407043"><ele>422.000</ele><time>2026-04-10T10:01:21Z</time><speed>6.010</speed><sat>34</sat></trkpt>
  <trkpt lat="31.69829396" lon="35.00413120"><ele>422.000</ele><time>2026-04-10T10:01:22Z</time><speed>5.200</speed><sat>35</sat></trkpt>
  <trkpt lat="31.69826974" lon="35.00417126"><ele>421.000</ele><time>2026-04-10T10:01:23Z</time><speed>4.590</speed><sat>34</sat></trkpt>
  <trkpt lat="31.69826588" lon="35.00421301"><ele>420.000</ele><time>2026-04-10T10:01:24Z</time><speed>4.370</speed><sat>35</sat></trkpt>
  <trkpt lat="31.69825708" lon="35.00425827"><ele>421.000</ele><time>2026-04-10T10:01:25Z</time><speed>4.430</speed><sat>35</sat></trkpt>
  <trkpt lat="31.69826337" lon="35.00430395"><ele>422.000</ele><time>2026-04-10T10:01:26Z</time><speed>4.540</speed><sat>31</sat></trkpt>
  <trkpt lat="31.69828030" lon="35.00434175"><ele>422.000</ele><time>2026-04-10T10:01:27Z</time><speed>4.390</speed><sat>36</sat></trkpt>
  <trkpt lat="31.69831089" lon="35.00437511"><ele>422.000</ele><time>2026-04-10T10:01:28Z</time><speed>4.590</speed><sat>35</sat></trkpt>
  <trkpt lat="31.69836982" lon="35.00438525"><ele>422.000</ele><time>2026-04-10T10:01:29Z</time><speed>8.590</speed><sat>36</sat></trkpt>
  <trkpt lat="31.69842941" lon="35.00437578"><ele>421.000</ele><time>2026-04-10T10:01:30Z</time><speed>5.610</speed><sat>35</sat></trkpt>
  <trkpt lat="31.69847937" lon="35.00436673"><ele>421.000</ele><time>2026-04-10T10:01:31Z</time><speed>5.820</speed><sat>36</sat></trkpt>
  <trkpt lat="31.69852639" lon="35.00435684"><ele>421.000</ele><time>2026-04-10T10:01:32Z</time><speed>5.770</speed><sat>36</sat></trkpt>
  <trkpt lat="31.69858071" lon="35.00435156"><ele>421.000</ele><time>2026-04-10T10:01:33Z</time><speed>6.180</speed><sat>36</sat></trkpt>
  <trkpt lat="31.69863779" lon="35.00436195"><ele>421.000</ele><time>2026-04-10T10:01:34Z</time><speed>7.340</speed><sat>36</sat></trkpt>
  <trkpt lat="31.69870954" lon="35.00438374"><ele>421.000</ele><time>2026-04-10T10:01:35Z</time><speed>8.090</speed><sat>34</sat></trkpt>
  <trkpt lat="31.69878229" lon="35.00441275"><ele>420.000</ele><time>2026-04-10T10:01:36Z</time><speed>8.220</speed><sat>35</sat></trkpt>
  <trkpt lat="31.69885194" lon="35.00443731"><ele>421.000</ele><time>2026-04-10T10:01:37Z</time><speed>7.810</speed><sat>34</sat></trkpt>
  <trkpt lat="31.69892424" lon="35.00445700"><ele>421.000</ele><time>2026-04-10T10:01:38Z</time><speed>8.540</speed><sat>31</sat></trkpt>
  <trkpt lat="31.69900529" lon="35.00447335"><ele>420.000</ele><time>2026-04-10T10:01:39Z</time><speed>9.330</speed><sat>30</sat></trkpt>
  <trkpt lat="31.69908840" lon="35.00447913"><ele>419.000</ele><time>2026-04-10T10:01:40Z</time><speed>9.320</speed><sat>29</sat></trkpt>
  <trkpt lat="31.69917645" lon="35.00447980"><ele>419.000</ele><time>2026-04-10T10:01:41Z</time><speed>10.030</speed><sat>27</sat></trkpt>
  <trkpt lat="31.69926693" lon="35.00446178"><ele>418.000</ele><time>2026-04-10T10:01:42Z</time><speed>10.730</speed><sat>28</sat></trkpt>
  <trkpt lat="31.69935809" lon="35.00443722"><ele>417.000</ele><time>2026-04-10T10:01:43Z</time><speed>10.690</speed><sat>28</sat></trkpt>
  <trkpt lat="31.69944584" lon="35.00440411"><ele>417.000</ele><time>2026-04-10T10:01:44Z</time><speed>10.980</speed><sat>29</sat></trkpt>
  <trkpt lat="31.69955129" lon="35.00436254"><ele>417.000</ele><time>2026-04-10T10:01:45Z</time><speed>11.540</speed><sat>28</sat></trkpt>
  <trkpt lat="31.69965413" lon="35.00431342"><ele>417.000</ele><time>2026-04-10T10:01:46Z</time><speed>11.790</speed><sat>31</sat></trkpt>
  <trkpt lat="31.69975614" lon="35.00426942"><ele>416.000</ele><time>2026-04-10T10:01:47Z</time><speed>12.030</speed><sat>28</sat></trkpt>
  <trkpt lat="31.69985065" lon="35.00423446"><ele>416.000</ele><time>2026-04-10T10:01:48Z</time><speed>11.870</speed><sat>29</sat></trkpt>
  <trkpt lat="31.69994872" lon="35.00419750"><ele>416.000</ele><time>2026-04-10T10:01:49Z</time><speed>11.810</speed><sat>28</sat></trkpt>
  <trkpt lat="31.70005391" lon="35.00415903"><ele>416.000</ele><time>2026-04-10T10:01:50Z</time><speed>11.930</speed><sat>29</sat></trkpt>
  <trkpt lat="31.70015583" lon="35.00411343"><ele>417.000</ele><time>2026-04-10T10:01:51Z</time><speed>11.330</speed><sat>28</sat></trkpt>
  <trkpt lat="31.70025181" lon="35.00406716"><ele>417.000</ele><time>2026-04-10T10:01:52Z</time><speed>11.060</speed><sat>28</sat></trkpt>
  <trkpt lat="31.70034233" lon="35.00402031"><ele>417.000</ele><time>2026-04-10T10:01:53Z</time><speed>11.150</speed><sat>27</sat></trkpt>
  <trkpt lat="31.70043763" lon="35.00398175"><ele>418.000</ele><time>2026-04-10T10:01:54Z</time><speed>10.980</speed><sat>27</sat></trkpt>
  <trkpt lat="31.70052778" lon="35.00393908"><ele>419.000</ele><time>2026-04-10T10:01:55Z</time><speed>10.230</speed><sat>28</sat></trkpt>
  <trkpt lat="31.70060447" lon="35.00389097"><ele>419.000</ele><time>2026-04-10T10:01:56Z</time><speed>9.330</speed><sat>28</sat></trkpt>
  <trkpt lat="31.70067790" lon="35.00385535"><ele>420.000</ele><time>2026-04-10T10:01:57Z</time><speed>8.840</speed><sat>28</sat></trkpt>
  <trkpt lat="31.70072987" lon="35.00381151"><ele>420.000</ele><time>2026-04-10T10:01:58Z</time><speed>7.020</speed><sat>27</sat></trkpt>
  <trkpt lat="31.70078024" lon="35.00378176"><ele>420.000</ele><time>2026-04-10T10:01:59Z</time><speed>6.550</speed><sat>27</sat></trkpt>
  <trkpt lat="31.70083146" lon="35.00374546"><ele>420.000</ele><time>2026-04-10T10:02:00Z</time><speed>6.640</speed><sat>29</sat></trkpt>
  <trkpt lat="31.70089855" lon="35.00371763"><ele>420.000</ele><time>2026-04-10T10:02:01Z</time><speed>6.860</speed><sat>31</sat></trkpt>
  <trkpt lat="31.70095354" lon="35.00368386"><ele>420.000</ele><time>2026-04-10T10:02:02Z</time><speed>5.830</speed><sat>30</sat></trkpt>
  <trkpt lat="31.70099687" lon="35.00365561"><ele>419.000</ele><time>2026-04-10T10:02:03Z</time><speed>4.780</speed><sat>33</sat></trkpt>
  <trkpt lat="31.70102235" lon="35.00363625"><ele>418.000</ele><time>2026-04-10T10:02:04Z</time><speed>2.970</speed><sat>34</sat></trkpt>
  <trkpt lat="31.70104607" lon="35.00362468"><ele>417.000</ele><time>2026-04-10T10:02:05Z</time><speed>3.250</speed><sat>33</sat></trkpt>
  <trkpt lat="31.70107428" lon="35.00360423"><ele>417.000</ele><time>2026-04-10T10:02:06Z</time><speed>3.910</speed><sat>33</sat></trkpt>
  <trkpt lat="31.70110831" lon="35.00358176"><ele>417.000</ele><time>2026-04-10T10:02:07Z</time><speed>4.830</speed><sat>33</sat></trkpt>
  <trkpt lat="31.70115676" lon="35.00355167"><ele>416.000</ele><time>2026-04-10T10:02:08Z</time><speed>6.670</speed><sat>34</sat></trkpt>
  <trkpt lat="31.70121987" lon="35.00351194"><ele>415.000</ele><time>2026-04-10T10:02:09Z</time><speed>8.140</speed><sat>32</sat></trkpt>
  <trkpt lat="31.70129133" lon="35.00345645"><ele>415.000</ele><time>2026-04-10T10:02:10Z</time><speed>9.280</speed><sat>33</sat></trkpt>
  <trkpt lat="31.70136983" lon="35.00340315"><ele>415.000</ele><time>2026-04-10T10:02:11Z</time><speed>10.260</speed><sat>33</sat></trkpt>
  <trkpt lat="31.70144912" lon="35.00334347"><ele>415.000</ele><time>2026-04-10T10:02:12Z</time><speed>9.860</speed><sat>36</sat></trkpt>
  <trkpt lat="31.70151827" lon="35.00328018"><ele>414.000</ele><time>2026-04-10T10:02:13Z</time><speed>9.830</speed><sat>36</sat></trkpt>
  <trkpt lat="31.70157535" lon="35.00322025"><ele>413.000</ele><time>2026-04-10T10:02:14Z</time><speed>7.970</speed><sat>37</sat></trkpt>
  <trkpt lat="31.70162778" lon="35.00317155"><ele>414.000</ele><time>2026-04-10T10:02:15Z</time><speed>7.230</speed><sat>35</sat></trkpt>
  <trkpt lat="31.70167706" lon="35.00311464"><ele>415.000</ele><time>2026-04-10T10:02:16Z</time><speed>7.860</speed><sat>33</sat></trkpt>
  <trkpt lat="31.70172438" lon="35.00305672"><ele>415.000</ele><time>2026-04-10T10:02:17Z</time><speed>8.170</speed><sat>32</sat></trkpt>
  <trkpt lat="31.70177258" lon="35.00298849"><ele>414.000</ele><time>2026-04-10T10:02:18Z</time><speed>9.080</speed><sat>33</sat></trkpt>
  <trkpt lat="31.70182572" lon="35.00291054"><ele>414.000</ele><time>2026-04-10T10:02:19Z</time><speed>9.630</speed><sat>32</sat></trkpt>
  <trkpt lat="31.70187555" lon="35.00283292"><ele>415.000</ele><time>2026-04-10T10:02:20Z</time><speed>9.740</speed><sat>34</sat></trkpt>
  <trkpt lat="31.70192404" lon="35.00273813"><ele>415.000</ele><time>2026-04-10T10:02:21Z</time><speed>10.390</speed><sat>33</sat></trkpt>
  <trkpt lat="31.70196846" lon="35.00264710"><ele>415.000</ele><time>2026-04-10T10:02:22Z</time><speed>10.090</speed><sat>34</sat></trkpt>
  <trkpt lat="31.70200727" lon="35.00255456"><ele>415.000</ele><time>2026-04-10T10:02:23Z</time><speed>9.700</speed><sat>34</sat></trkpt>
  <trkpt lat="31.70203899" lon="35.00246940"><ele>416.000</ele><time>2026-04-10T10:02:24Z</time><speed>8.820</speed><sat>33</sat></trkpt>
  <trkpt lat="31.70207181" lon="35.00239422"><ele>416.000</ele><time>2026-04-10T10:02:25Z</time><speed>7.150</speed><sat>34</sat></trkpt>
  <trkpt lat="31.70210085" lon="35.00234024"><ele>417.000</ele><time>2026-04-10T10:02:26Z</time><speed>6.320</speed><sat>34</sat></trkpt>
  <trkpt lat="31.70213082" lon="35.00228961"><ele>417.000</ele><time>2026-04-10T10:02:27Z</time><speed>5.770</speed><sat>35</sat></trkpt>
  <trkpt lat="31.70216845" lon="35.00225583"><ele>417.000</ele><time>2026-04-10T10:02:28Z</time><speed>5.090</speed><sat>35</sat></trkpt>
  <trkpt lat="31.70221078" lon="35.00224099"><ele>417.000</ele><time>2026-04-10T10:02:29Z</time><speed>4.290</speed><sat>34</sat></trkpt>
  <trkpt lat="31.70224758" lon="35.00223714"><ele>417.000</ele><time>2026-04-10T10:02:30Z</time><speed>2.940</speed><sat>35</sat></trkpt>
  <trkpt lat="31.70226694" lon="35.00223571"><ele>417.000</ele><time>2026-04-10T10:02:31Z</time><speed>1.910</speed><sat>34</sat></trkpt>
  <trkpt lat="31.70227251" lon="35.00223890"><ele>417.000</ele><time>2026-04-10T10:02:32Z</time><speed>0.090</speed><sat>36</sat></trkpt>
  <trkpt lat="31.70226887" lon="35.00224259"><ele>417.000</ele><time>2026-04-10T10:02:33Z</time><speed>0.320</speed><sat>36</sat></trkpt>
  <trkpt lat="31.70226841" lon="35.00224711"><ele>417.000</ele><time>2026-04-10T10:02:34Z</time><speed>0.270</speed><sat>35</sat></trkpt>
  <trkpt lat="31.70227235" lon="35.00225022"><ele>417.000</ele><time>2026-04-10T10:02:35Z</time><speed>0.960</speed><sat>34</sat></trkpt>
  <trkpt lat="31.70228760" lon="35.00225139"><ele>417.000</ele><time>2026-04-10T10:02:36Z</time><speed>1.570</speed><sat>37</sat></trkpt>
  <trkpt lat="31.70230516" lon="35.00225390"><ele>417.000</ele><time>2026-04-10T10:02:37Z</time><speed>2.100</speed><sat>37</sat></trkpt>
  <trkpt lat="31.70232473" lon="35.00226111"><ele>417.000</ele><time>2026-04-10T10:02:38Z</time><speed>3.190</speed><sat>36</sat></trkpt>
  <trkpt lat="31.70235227" lon="35.00227578"><ele>417.000</ele><time>2026-04-10T10:02:39Z</time><speed>3.480</speed><sat>38</sat></trkpt>
  <trkpt lat="31.70238592" lon="35.00229078"><ele>417.000</ele><time>2026-04-10T10:02:40Z</time><speed>4.120</speed><sat>38</sat></trkpt>
  <trkpt lat="31.70240026" lon="35.00231350"><ele>417.000</ele><time>2026-04-10T10:02:41Z</time><speed>3.630</speed><sat>36</sat></trkpt>
  <trkpt lat="31.70241572" lon="35.00233965"><ele>417.000</ele><time>2026-04-10T10:02:42Z</time><speed>3.230</speed><sat>37</sat></trkpt>
  <trkpt lat="31.70242414" lon="35.00237343"><ele>417.000</ele><time>2026-04-10T10:02:43Z</time><speed>2.900</speed><sat>37</sat></trkpt>
  <trkpt lat="31.70243303" lon="35.00239874"><ele>417.000</ele><time>2026-04-10T10:02:44Z</time><speed>2.920</speed><sat>38</sat></trkpt>
  <trkpt lat="31.70244158" lon="35.00242288"><ele>417.000</ele><time>2026-04-10T10:02:45Z</time><speed>2.860</speed><sat>38</sat></trkpt>
  <trkpt lat="31.70244392" lon="35.00245063"><ele>417.000</ele><time>2026-04-10T10:02:46Z</time><speed>1.960</speed><sat>38</sat></trkpt>
  <trkpt lat="31.70244443" lon="35.00246697"><ele>418.000</ele><time>2026-04-10T10:02:47Z</time><speed>1.770</speed><sat>38</sat></trkpt>
  <trkpt lat="31.70244673" lon="35.00248860"><ele>418.000</ele><time>2026-04-10T10:02:48Z</time><speed>2.110</speed><sat>39</sat></trkpt>
  <trkpt lat="31.70245143" lon="35.00251525"><ele>418.000</ele><time>2026-04-10T10:02:49Z</time><speed>3.050</speed><sat>39</sat></trkpt>
  <trkpt lat="31.70245608" lon="35.00254299"><ele>418.000</ele><time>2026-04-10T10:02:50Z</time><speed>2.860</speed><sat>39</sat></trkpt>
  <trkpt lat="31.70245742" lon="35.00257317"><ele>417.000</ele><time>2026-04-10T10:02:51Z</time><speed>2.950</speed><sat>38</sat></trkpt>
  <trkpt lat="31.70245700" lon="35.00260578"><ele>417.000</ele><time>2026-04-10T10:02:52Z</time><speed>3.500</speed><sat>38</sat></trkpt>
  <trkpt lat="31.70244967" lon="35.00265020"><ele>418.000</ele><time>2026-04-10T10:02:53Z</time><speed>3.400</speed><sat>38</sat></trkpt>
  <trkpt lat="31.70244657" lon="35.00268918"><ele>418.000</ele><time>2026-04-10T10:02:54Z</time><speed>3.500</speed><sat>39</sat></trkpt>
  <trkpt lat="31.70244212" lon="35.00272036"><ele>418.000</ele><time>2026-04-10T10:02:55Z</time><speed>2.890</speed><sat>38</sat></trkpt>
  <trkpt lat="31.70244493" lon="35.00272354"><ele>418.000</ele><time>2026-04-10T10:02:56Z</time><speed>0.250</speed><sat>37</sat></trkpt>
  <trkpt lat="31.70244338" lon="35.00271943"><ele>418.000</ele><time>2026-04-10T10:02:57Z</time><speed>0.320</speed><sat>38</sat></trkpt>
  <trkpt lat="31.70244342" lon="35.00271910"><ele>418.000</ele><time>2026-04-10T10:02:58Z</time><speed>0.010</speed><sat>38</sat></trkpt>
  <trkpt lat="31.70244338" lon="35.00271927"><ele>418.000</ele><time>2026-04-10T10:02:59Z</time><speed>0.000</speed><sat>37</sat></trkpt>
  <trkpt lat="31.70244338" lon="35.00271943"><ele>418.000</ele><time>2026-04-10T10:03:00Z</time><speed>0.000</speed><sat>37</sat></trkpt>
  <trkpt lat="31.70244338" lon="35.00271943"><ele>418.000</ele><time>2026-04-10T10:03:01Z</time><speed>0.000</speed><sat>36</sat></trkpt>
  <trkpt lat="31.70244338" lon="35.00271943"><ele>418.000</ele><time>2026-04-10T10:03:02Z</time><speed>0.000</speed><sat>37</sat></trkpt>
  <trkpt lat="31.70244556" lon="35.00273285"><ele>418.000</ele><time>2026-04-10T10:03:03Z</time><speed>1.550</speed><sat>37</sat></trkpt>
  <trkpt lat="31.70244941" lon="35.00276176"><ele>418.000</ele><time>2026-04-10T10:03:04Z</time><speed>3.010</speed><sat>36</sat></trkpt>
  <trkpt lat="31.70245763" lon="35.00278951"><ele>418.000</ele><time>2026-04-10T10:03:05Z</time><speed>3.230</speed><sat>37</sat></trkpt>
  <trkpt lat="31.70246505" lon="35.00283779"><ele>419.000</ele><time>2026-04-10T10:03:06Z</time><speed>5.250</speed><sat>37</sat></trkpt>
  <trkpt lat="31.70247578" lon="35.00291239"><ele>420.000</ele><time>2026-04-10T10:03:07Z</time><speed>6.440</speed><sat>36</sat></trkpt>
  <trkpt lat="31.70249007" lon="35.00299419"><ele>421.000</ele><time>2026-04-10T10:03:08Z</time><speed>7.050</speed><sat>37</sat></trkpt>
  <trkpt lat="31.70250159" lon="35.00307005"><ele>421.000</ele><time>2026-04-10T10:03:09Z</time><speed>7.460</speed><sat>37</sat></trkpt>
  <trkpt lat="31.70250859" lon="35.00315194"><ele>421.000</ele><time>2026-04-10T10:03:10Z</time><speed>7.450</speed><sat>36</sat></trkpt>
  <trkpt lat="31.70251467" lon="35.00323048"><ele>422.000</ele><time>2026-04-10T10:03:11Z</time><speed>7.560</speed><sat>38</sat></trkpt>
  <trkpt lat="31.70252079" lon="35.00330022"><ele>422.000</ele><time>2026-04-10T10:03:12Z</time><speed>6.780</speed><sat>37</sat></trkpt>
  <trkpt lat="31.70253009" lon="35.00336694"><ele>423.000</ele><time>2026-04-10T10:03:13Z</time><speed>5.810</speed><sat>34</sat></trkpt>
  <trkpt lat="31.70253613" lon="35.00342712"><ele>423.000</ele><time>2026-04-10T10:03:14Z</time><speed>5.250</speed><sat>35</sat></trkpt>
  <trkpt lat="31.70254241" lon="35.00347540"><ele>423.000</ele><time>2026-04-10T10:03:15Z</time><speed>4.600</speed><sat>34</sat></trkpt>
  <trkpt lat="31.70254115" lon="35.00353189"><ele>424.000</ele><time>2026-04-10T10:03:16Z</time><speed>5.120</speed><sat>35</sat></trkpt>
  <trkpt lat="31.70253835" lon="35.00359031"><ele>424.000</ele><time>2026-04-10T10:03:17Z</time><speed>5.400</speed><sat>34</sat></trkpt>
  <trkpt lat="31.70252716" lon="35.00366298"><ele>424.000</ele><time>2026-04-10T10:03:18Z</time><speed>5.510</speed><sat>33</sat></trkpt>
  <trkpt lat="31.70252703" lon="35.00371847"><ele>425.000</ele><time>2026-04-10T10:03:19Z</time><speed>4.350</speed><sat>33</sat></trkpt>
  <trkpt lat="31.70253030" lon="35.00376591"><ele>425.000</ele><time>2026-04-10T10:03:20Z</time><speed>4.540</speed><sat>33</sat></trkpt>
  <trkpt lat="31.70252737" lon="35.00380975"><ele>425.000</ele><time>2026-04-10T10:03:21Z</time><speed>4.550</speed><sat>34</sat></trkpt>
  <trkpt lat="31.70252724" lon="35.00385602"><ele>425.000</ele><time>2026-04-10T10:03:22Z</time><speed>4.680</speed><sat>29</sat></trkpt>
  <trkpt lat="31.70251974" lon="35.00390598"><ele>425.000</ele><time>2026-04-10T10:03:23Z</time><speed>4.390</speed><sat>32</sat></trkpt>
  <trkpt lat="31.70251433" lon="35.00394797"><ele>425.000</ele><time>2026-04-10T10:03:24Z</time><speed>3.920</speed><sat>34</sat></trkpt>
  <trkpt lat="31.70250855" lon="35.00398703"><ele>425.000</ele><time>2026-04-10T10:03:25Z</time><speed>3.950</speed><sat>37</sat></trkpt>
  <trkpt lat="31.70249912" lon="35.00402835"><ele>424.000</ele><time>2026-04-10T10:03:26Z</time><speed>4.120</speed><sat>37</sat></trkpt>
  <trkpt lat="31.70248101" lon="35.00405962"><ele>425.000</ele><time>2026-04-10T10:03:27Z</time><speed>4.050</speed><sat>37</sat></trkpt>
  <trkpt lat="31.70246249" lon="35.00410270"><ele>425.000</ele><time>2026-04-10T10:03:28Z</time><speed>4.230</speed><sat>35</sat></trkpt>
  <trkpt lat="31.70244225" lon="35.00413975"><ele>424.000</ele><time>2026-04-10T10:03:29Z</time><speed>4.100</speed><sat>33</sat></trkpt>
  <trkpt lat="31.70242171" lon="35.00417403"><ele>425.000</ele><time>2026-04-10T10:03:30Z</time><speed>4.390</speed><sat>34</sat></trkpt>
  <trkpt lat="31.70239908" lon="35.00421116"><ele>425.000</ele><time>2026-04-10T10:03:31Z</time><speed>4.470</speed><sat>35</sat></trkpt>
  <trkpt lat="31.70237171" lon="35.00425131"><ele>425.000</ele><time>2026-04-10T10:03:32Z</time><speed>4.380</speed><sat>34</sat></trkpt>
  <trkpt lat="31.70235302" lon="35.00428165"><ele>426.000</ele><time>2026-04-10T10:03:33Z</time><speed>4.190</speed><sat>35</sat></trkpt>
  <trkpt lat="31.70233651" lon="35.00430772"><ele>426.000</ele><time>2026-04-10T10:03:34Z</time><speed>3.650</speed><sat>34</sat></trkpt>
  <trkpt lat="31.70231086" lon="35.00433178"><ele>426.000</ele><time>2026-04-10T10:03:35Z</time><speed>3.760</speed><sat>34</sat></trkpt>
  <trkpt lat="31.70228710" lon="35.00435734"><ele>426.000</ele><time>2026-04-10T10:03:36Z</time><speed>3.680</speed><sat>34</sat></trkpt>
  <trkpt lat="31.70225994" lon="35.00438550"><ele>426.000</ele><time>2026-04-10T10:03:37Z</time><speed>4.530</speed><sat>37</sat></trkpt>
  <trkpt lat="31.70223061" lon="35.00441493"><ele>426.000</ele><time>2026-04-10T10:03:38Z</time><speed>3.960</speed><sat>37</sat></trkpt>
  <trkpt lat="31.70220156" lon="35.00443513"><ele>426.000</ele><time>2026-04-10T10:03:39Z</time><speed>3.970</speed><sat>36</sat></trkpt>
  <trkpt lat="31.70216376" lon="35.00445977"><ele>425.000</ele><time>2026-04-10T10:03:40Z</time><speed>4.200</speed><sat>38</sat></trkpt>
  <trkpt lat="31.70213472" lon="35.00448978"><ele>425.000</ele><time>2026-04-10T10:03:41Z</time><speed>3.870</speed><sat>38</sat></trkpt>
  <trkpt lat="31.70210324" lon="35.00451123"><ele>425.000</ele><time>2026-04-10T10:03:42Z</time><speed>4.020</speed><sat>38</sat></trkpt>
  <trkpt lat="31.70208036" lon="35.00454074"><ele>425.000</ele><time>2026-04-10T10:03:43Z</time><speed>4.120</speed><sat>38</sat></trkpt>
  <trkpt lat="31.70204708" lon="35.00455817"><ele>425.000</ele><time>2026-04-10T10:03:44Z</time><speed>4.230</speed><sat>38</sat></trkpt>
  <trkpt lat="31.70200928" lon="35.00458047"><ele>424.000</ele><time>2026-04-10T10:03:45Z</time><speed>4.320</speed><sat>38</sat></trkpt>
  <trkpt lat="31.70197295" lon="35.00460637"><ele>424.000</ele><time>2026-04-10T10:03:46Z</time><speed>4.460</speed><sat>36</sat></trkpt>
  <trkpt lat="31.70193996" lon="35.00462573"><ele>423.000</ele><time>2026-04-10T10:03:47Z</time><speed>4.190</speed><sat>35</sat></trkpt>
  <trkpt lat="31.70190266" lon="35.00465247"><ele>423.000</ele><time>2026-04-10T10:03:48Z</time><speed>4.020</speed><sat>35</sat></trkpt>
  <trkpt lat="31.70187090" lon="35.00467753"><ele>423.000</ele><time>2026-04-10T10:03:49Z</time><speed>4.110</speed><sat>38</sat></trkpt>
  <trkpt lat="31.70184135" lon="35.00470368"><ele>423.000</ele><time>2026-04-10T10:03:50Z</time><speed>4.060</speed><sat>36</sat></trkpt>
  <trkpt lat="31.70180753" lon="35.00472774"><ele>423.000</ele><time>2026-04-10T10:03:51Z</time><speed>4.010</speed><sat>38</sat></trkpt>
  <trkpt lat="31.70177237" lon="35.00475473"><ele>422.000</ele><time>2026-04-10T10:03:52Z</time><speed>4.630</speed><sat>37</sat></trkpt>
  <trkpt lat="31.70173595" lon="35.00478147"><ele>422.000</ele><time>2026-04-10T10:03:53Z</time><speed>4.680</speed><sat>37</sat></trkpt>
  <trkpt lat="31.70170569" lon="35.00481382"><ele>422.000</ele><time>2026-04-10T10:03:54Z</time><speed>4.910</speed><sat>38</sat></trkpt>
  <trkpt lat="31.70167166" lon="35.00483796"><ele>422.000</ele><time>2026-04-10T10:03:55Z</time><speed>4.940</speed><sat>38</sat></trkpt>
  <trkpt lat="31.70163444" lon="35.00487115"><ele>422.000</ele><time>2026-04-10T10:03:56Z</time><speed>4.770</speed><sat>38</sat></trkpt>
  <trkpt lat="31.70158688" lon="35.00490108"><ele>422.000</ele><time>2026-04-10T10:03:57Z</time><speed>4.210</speed><sat>38</sat></trkpt>
  <trkpt lat="31.70153725" lon="35.00493075"><ele>422.000</ele><time>2026-04-10T10:03:58Z</time><speed>4.640</speed><sat>37</sat></trkpt>
  <trkpt lat="31.70150163" lon="35.00494617"><ele>422.000</ele><time>2026-04-10T10:03:59Z</time><speed>4.380</speed><sat>37</sat></trkpt>
  <trkpt lat="31.70147678" lon="35.00496075"><ele>423.000</ele><time>2026-04-10T10:04:00Z</time><speed>3.200</speed><sat>37</sat></trkpt>
  <trkpt lat="31.70144950" lon="35.00497785"><ele>423.000</ele><time>2026-04-10T10:04:01Z</time><speed>3.540</speed><sat>36</sat></trkpt>
  <trkpt lat="31.70141949" lon="35.00499906"><ele>423.000</ele><time>2026-04-10T10:04:02Z</time><speed>4.170</speed><sat>34</sat></trkpt>
  <trkpt lat="31.70138990" lon="35.00502789"><ele>423.000</ele><time>2026-04-10T10:04:03Z</time><speed>4.550</speed><sat>35</sat></trkpt>
  <trkpt lat="31.70135348" lon="35.00505505"><ele>423.000</ele><time>2026-04-10T10:04:04Z</time><speed>4.340</speed><sat>35</sat></trkpt>
  <trkpt lat="31.70131773" lon="35.00507659"><ele>423.000</ele><time>2026-04-10T10:04:05Z</time><speed>4.560</speed><sat>35</sat></trkpt>
  <trkpt lat="31.70128789" lon="35.00510241"><ele>422.000</ele><time>2026-04-10T10:04:06Z</time><speed>4.400</speed><sat>35</sat></trkpt>
  <trkpt lat="31.70125998" lon="35.00512823"><ele>422.000</ele><time>2026-04-10T10:04:07Z</time><speed>4.150</speed><sat>35</sat></trkpt>
  <trkpt lat="31.70122746" lon="35.00515471"><ele>423.000</ele><time>2026-04-10T10:04:08Z</time><speed>3.770</speed><sat>33</sat></trkpt>
  <trkpt lat="31.70119997" lon="35.00517776"><ele>423.000</ele><time>2026-04-10T10:04:09Z</time><speed>3.500</speed><sat>34</sat></trkpt>
  <trkpt lat="31.70117226" lon="35.00520106"><ele>423.000</ele><time>2026-04-10T10:04:10Z</time><speed>3.800</speed><sat>33</sat></trkpt>
  <trkpt lat="31.70114054" lon="35.00522403"><ele>423.000</ele><time>2026-04-10T10:04:11Z</time><speed>4.270</speed><sat>33</sat></trkpt>
  <trkpt lat="31.70110877" lon="35.00524599"><ele>423.000</ele><time>2026-04-10T10:04:12Z</time><speed>4.340</speed><sat>34</sat></trkpt>
  <trkpt lat="31.70108140" lon="35.00526896"><ele>423.000</ele><time>2026-04-10T10:04:13Z</time><speed>4.110</speed><sat>33</sat></trkpt>
  <trkpt lat="31.70105089" lon="35.00529427"><ele>423.000</ele><time>2026-04-10T10:04:14Z</time><speed>4.510</speed><sat>33</sat></trkpt>
  <trkpt lat="31.70102038" lon="35.00531305"><ele>422.000</ele><time>2026-04-10T10:04:15Z</time><speed>4.370</speed><sat>34</sat></trkpt>
  <trkpt lat="31.70099436" lon="35.00533341"><ele>421.000</ele><time>2026-04-10T10:04:16Z</time><speed>3.310</speed><sat>33</sat></trkpt>
  <trkpt lat="31.70097093" lon="35.00535496"><ele>421.000</ele><time>2026-04-10T10:04:17Z</time><speed>3.300</speed><sat>33</sat></trkpt>
  <trkpt lat="31.70094206" lon="35.00537340"><ele>421.000</ele><time>2026-04-10T10:04:18Z</time><speed>4.070</speed><sat>33</sat></trkpt>
  <trkpt lat="31.70090752" lon="35.00539410"><ele>421.000</ele><time>2026-04-10T10:04:19Z</time><speed>4.010</speed><sat>34</sat></trkpt>
  <trkpt lat="31.70087789" lon="35.00541874"><ele>421.000</ele><time>2026-04-10T10:04:20Z</time><speed>3.020</speed><sat>33</sat></trkpt>
  <trkpt lat="31.70085371" lon="35.00543509"><ele>421.000</ele><time>2026-04-10T10:04:21Z</time><speed>3.200</speed><sat>34</sat></trkpt>
  <trkpt lat="31.70083276" lon="35.00545177"><ele>420.000</ele><time>2026-04-10T10:04:22Z</time><speed>2.930</speed><sat>34</sat></trkpt>
  <trkpt lat="31.70080870" lon="35.00546535"><ele>420.000</ele><time>2026-04-10T10:04:23Z</time><speed>2.890</speed><sat>34</sat></trkpt>
  <trkpt lat="31.70078259" lon="35.00548203"><ele>420.000</ele><time>2026-04-10T10:04:24Z</time><speed>3.440</speed><sat>34</sat></trkpt>
  <trkpt lat="31.70075334" lon="35.00550038"><ele>419.000</ele><time>2026-04-10T10:04:25Z</time><speed>3.480</speed><sat>32</sat></trkpt>
  <trkpt lat="31.70073163" lon="35.00552192"><ele>419.000</ele><time>2026-04-10T10:04:26Z</time><speed>3.130</speed><sat>34</sat></trkpt>
  <trkpt lat="31.70071046" lon="35.00553659"><ele>419.000</ele><time>2026-04-10T10:04:27Z</time><speed>2.930</speed><sat>33</sat></trkpt>
  <trkpt lat="31.70068926" lon="35.00555662"><ele>419.000</ele><time>2026-04-10T10:04:28Z</time><speed>3.150</speed><sat>31</sat></trkpt>
  <trkpt lat="31.70067119" lon="35.00558026"><ele>418.000</ele><time>2026-04-10T10:04:29Z</time><speed>3.090</speed><sat>31</sat></trkpt>
  <trkpt lat="31.70065045" lon="35.00560767"><ele>418.000</ele><time>2026-04-10T10:04:30Z</time><speed>3.530</speed><sat>31</sat></trkpt>
  <trkpt lat="31.70063063" lon="35.00563432"><ele>418.000</ele><time>2026-04-10T10:04:31Z</time><speed>3.070</speed><sat>31</sat></trkpt>
  <trkpt lat="31.70061131" lon="35.00566031"><ele>417.000</ele><time>2026-04-10T10:04:32Z</time><speed>2.300</speed><sat>33</sat></trkpt>
  <trkpt lat="31.70059932" lon="35.00568076"><ele>417.000</ele><time>2026-04-10T10:04:33Z</time><speed>1.500</speed><sat>34</sat></trkpt>
  <trkpt lat="31.70059232" lon="35.00569384"><ele>416.000</ele><time>2026-04-10T10:04:34Z</time><speed>1.270</speed><sat>35</sat></trkpt>
  <trkpt lat="31.70058788" lon="35.00570859"><ele>416.000</ele><time>2026-04-10T10:04:35Z</time><speed>1.500</speed><sat>36</sat></trkpt>
  <trkpt lat="31.70057975" lon="35.00572619"><ele>416.000</ele><time>2026-04-10T10:04:36Z</time><speed>1.920</speed><sat>36</sat></trkpt>
  <trkpt lat="31.70056717" lon="35.00575075"><ele>416.000</ele><time>2026-04-10T10:04:37Z</time><speed>2.530</speed><sat>37</sat></trkpt>
  <trkpt lat="31.70054676" lon="35.00578780"><ele>417.000</ele><time>2026-04-10T10:04:38Z</time><speed>4.230</speed><sat>37</sat></trkpt>
  <trkpt lat="31.70050410" lon="35.00582359"><ele>416.000</ele><time>2026-04-10T10:04:39Z</time><speed>5.920</speed><sat>36</sat></trkpt>
  <trkpt lat="31.70046885" lon="35.00587304"><ele>416.000</ele><time>2026-04-10T10:04:40Z</time><speed>5.870</speed><sat>35</sat></trkpt>
  <trkpt lat="31.70043814" lon="35.00592057"><ele>416.000</ele><time>2026-04-10T10:04:41Z</time><speed>5.290</speed><sat>36</sat></trkpt>
  <trkpt lat="31.70041890" lon="35.00597295"><ele>416.000</ele><time>2026-04-10T10:04:42Z</time><speed>4.480</speed><sat>36</sat></trkpt>
  <trkpt lat="31.70041739" lon="35.00601947"><ele>417.000</ele><time>2026-04-10T10:04:43Z</time><speed>4.810</speed><sat>36</sat></trkpt>
  <trkpt lat="31.70043265" lon="35.00606323"><ele>418.000</ele><time>2026-04-10T10:04:44Z</time><speed>4.610</speed><sat>36</sat></trkpt>
  <trkpt lat="31.70045913" lon="35.00610522"><ele>418.000</ele><time>2026-04-10T10:04:45Z</time><speed>4.550</speed><sat>38</sat></trkpt>
  <trkpt lat="31.70049480" lon="35.00613674"><ele>417.000</ele><time>2026-04-10T10:04:46Z</time><speed>4.630</speed><sat>37</sat></trkpt>
  <trkpt lat="31.70053532" lon="35.00614939"><ele>416.000</ele><time>2026-04-10T10:04:47Z</time><speed>4.360</speed><sat>37</sat></trkpt>
  <trkpt lat="31.70058880" lon="35.00614990"><ele>416.000</ele><time>2026-04-10T10:04:48Z</time><speed>4.900</speed><sat>37</sat></trkpt>
  <trkpt lat="31.70063146" lon="35.00613296"><ele>417.000</ele><time>2026-04-10T10:04:49Z</time><speed>2.580</speed><sat>38</sat></trkpt>
  <trkpt lat="31.70064827" lon="35.00612626"><ele>417.000</ele><time>2026-04-10T10:04:50Z</time><speed>0.630</speed><sat>38</sat></trkpt>
  <trkpt lat="31.70065489" lon="35.00612911"><ele>416.000</ele><time>2026-04-10T10:04:51Z</time><speed>0.280</speed><sat>38</sat></trkpt>
  <trkpt lat="31.70066466" lon="35.00613045"><ele>416.000</ele><time>2026-04-10T10:04:52Z</time><speed>1.030</speed><sat>37</sat></trkpt>
  <trkpt lat="31.70068004" lon="35.00612936"><ele>415.000</ele><time>2026-04-10T10:04:53Z</time><speed>2.040</speed><sat>35</sat></trkpt>
  <trkpt lat="31.70070267" lon="35.00612341"><ele>415.000</ele><time>2026-04-10T10:04:54Z</time><speed>2.800</speed><sat>38</sat></trkpt>
  <trkpt lat="31.70073473" lon="35.00612458"><ele>414.000</ele><time>2026-04-10T10:04:55Z</time><speed>5.090</speed><sat>38</sat></trkpt>
  <trkpt lat="31.70079018" lon="35.00612089"><ele>413.000</ele><time>2026-04-10T10:04:56Z</time><speed>6.470</speed><sat>38</sat></trkpt>
  <trkpt lat="31.70086109" lon="35.00611603"><ele>412.000</ele><time>2026-04-10T10:04:57Z</time><speed>7.540</speed><sat>37</sat></trkpt>
  <trkpt lat="31.70092110" lon="35.00612299"><ele>412.000</ele><time>2026-04-10T10:04:58Z</time><speed>7.060</speed><sat>38</sat></trkpt>
  <trkpt lat="31.70098396" lon="35.00612349"><ele>412.000</ele><time>2026-04-10T10:04:59Z</time><speed>5.700</speed><sat>37</sat></trkpt>
  <trkpt lat="31.70103103" lon="35.00612567"><ele>412.000</ele><time>2026-04-10T10:05:00Z</time><speed>4.820</speed><sat>38</sat></trkpt>
  <trkpt lat="31.70106812" lon="35.00610983"><ele>412.000</ele><time>2026-04-10T10:05:01Z</time><speed>2.680</speed><sat>39</sat></trkpt>
  <trkpt lat="31.70108685" lon="35.00611176"><ele>412.000</ele><time>2026-04-10T10:05:02Z</time><speed>1.120</speed><sat>38</sat></trkpt>
  <trkpt lat="31.70108363" lon="35.00611586"><ele>412.000</ele><time>2026-04-10T10:05:03Z</time><speed>0.530</speed><sat>39</sat></trkpt>
  <trkpt lat="31.70108296" lon="35.00611603"><ele>412.000</ele><time>2026-04-10T10:05:04Z</time><speed>0.020</speed><sat>38</sat></trkpt>
  <trkpt lat="31.70108308" lon="35.00611612"><ele>412.000</ele><time>2026-04-10T10:05:05Z</time><speed>0.000</speed><sat>38</sat></trkpt>
  <trkpt lat="31.70108308" lon="35.00611637"><ele>412.000</ele><time>2026-04-10T10:05:06Z</time><speed>0.000</speed><sat>39</sat></trkpt>
  <trkpt lat="31.70108308" lon="35.00611637"><ele>412.000</ele><time>2026-04-10T10:05:07Z</time><speed>0.000</speed><sat>39</sat></trkpt>
  <trkpt lat="31.70108308" lon="35.00611637"><ele>412.000</ele><time>2026-04-10T10:05:08Z</time><speed>0.000</speed><sat>38</sat></trkpt>
  <trkpt lat="31.70108308" lon="35.00611637"><ele>412.000</ele><time>2026-04-10T10:05:09Z</time><speed>0.000</speed><sat>38</sat></trkpt>
  <trkpt lat="31.70108308" lon="35.00611637"><ele>412.000</ele><time>2026-04-10T10:05:10Z</time><speed>0.000</speed><sat>38</sat></trkpt>
  <trkpt lat="31.70108308" lon="35.00611637"><ele>412.000</ele><time>2026-04-10T10:05:11Z</time><speed>0.000</speed><sat>38</sat></trkpt>
  <trkpt lat="31.70108308" lon="35.00611637"><ele>412.000</ele><time>2026-04-10T10:05:12Z</time><speed>0.000</speed><sat>38</sat></trkpt>
  <trkpt lat="31.70108308" lon="35.00611637"><ele>412.000</ele><time>2026-04-10T10:05:13Z</time><speed>0.000</speed><sat>38</sat></trkpt>
  <trkpt lat="31.70109033" lon="35.00612022"><ele>412.000</ele><time>2026-04-10T10:05:14Z</time><speed>1.610</speed><sat>38</sat></trkpt>
  <trkpt lat="31.70110295" lon="35.00611888"><ele>412.000</ele><time>2026-04-10T10:05:15Z</time><speed>2.050</speed><sat>38</sat></trkpt>
  <trkpt lat="31.70112302" lon="35.00611679"><ele>412.000</ele><time>2026-04-10T10:05:16Z</time><speed>2.540</speed><sat>37</sat></trkpt>
  <trkpt lat="31.70114959" lon="35.00611050"><ele>413.000</ele><time>2026-04-10T10:05:17Z</time><speed>3.480</speed><sat>38</sat></trkpt>
  <trkpt lat="31.70118480" lon="35.00609734"><ele>413.000</ele><time>2026-04-10T10:05:18Z</time><speed>4.520</speed><sat>36</sat></trkpt>
  <trkpt lat="31.70123986" lon="35.00607044"><ele>413.000</ele><time>2026-04-10T10:05:19Z</time><speed>6.680</speed><sat>35</sat></trkpt>
  <trkpt lat="31.70130482" lon="35.00605225"><ele>413.000</ele><time>2026-04-10T10:05:20Z</time><speed>7.860</speed><sat>34</sat></trkpt>
  <trkpt lat="31.70137599" lon="35.00603607"><ele>413.000</ele><time>2026-04-10T10:05:21Z</time><speed>8.190</speed><sat>35</sat></trkpt>
  <trkpt lat="31.70144799" lon="35.00602241"><ele>413.000</ele><time>2026-04-10T10:05:22Z</time><speed>8.370</speed><sat>33</sat></trkpt>
  <trkpt lat="31.70151307" lon="35.00601511"><ele>414.000</ele><time>2026-04-10T10:05:23Z</time><speed>7.240</speed><sat>30</sat></trkpt>
  <trkpt lat="31.70157154" lon="35.00601252"><ele>414.000</ele><time>2026-04-10T10:05:24Z</time><speed>7.010</speed><sat>31</sat></trkpt>
  <trkpt lat="31.70163520" lon="35.00600045"><ele>414.000</ele><time>2026-04-10T10:05:25Z</time><speed>6.650</speed><sat>31</sat></trkpt>
  <trkpt lat="31.70170183" lon="35.00599198"><ele>414.000</ele><time>2026-04-10T10:05:26Z</time><speed>6.530</speed><sat>31</sat></trkpt>
  <trkpt lat="31.70176453" lon="35.00599282"><ele>414.000</ele><time>2026-04-10T10:05:27Z</time><speed>5.950</speed><sat>30</sat></trkpt>
  <trkpt lat="31.70182190" lon="35.00598536"><ele>414.000</ele><time>2026-04-10T10:05:28Z</time><speed>5.710</speed><sat>30</sat></trkpt>
  <trkpt lat="31.70187660" lon="35.00597740"><ele>413.000</ele><time>2026-04-10T10:05:29Z</time><speed>5.660</speed><sat>29</sat></trkpt>
  <trkpt lat="31.70192613" lon="35.00596885"><ele>413.000</ele><time>2026-04-10T10:05:30Z</time><speed>5.110</speed><sat>29</sat></trkpt>
  <trkpt lat="31.70196762" lon="35.00596323"><ele>414.000</ele><time>2026-04-10T10:05:31Z</time><speed>4.610</speed><sat>27</sat></trkpt>
  <trkpt lat="31.70200522" lon="35.00596482"><ele>414.000</ele><time>2026-04-10T10:05:32Z</time><speed>4.400</speed><sat>29</sat></trkpt>
  <trkpt lat="31.70203573" lon="35.00596868"><ele>413.000</ele><time>2026-04-10T10:05:33Z</time><speed>4.050</speed><sat>30</sat></trkpt>
  <trkpt lat="31.70206200" lon="35.00597522"><ele>414.000</ele><time>2026-04-10T10:05:34Z</time><speed>3.580</speed><sat>32</sat></trkpt>
  <trkpt lat="31.70209025" lon="35.00597890"><ele>413.000</ele><time>2026-04-10T10:05:35Z</time><speed>2.550</speed><sat>31</sat></trkpt>
  <trkpt lat="31.70211179" lon="35.00597983"><ele>414.000</ele><time>2026-04-10T10:05:36Z</time><speed>2.520</speed><sat>31</sat></trkpt>
  <trkpt lat="31.70212600" lon="35.00598025"><ele>414.000</ele><time>2026-04-10T10:05:37Z</time><speed>1.860</speed><sat>31</sat></trkpt>
  <trkpt lat="31.70212512" lon="35.00596985"><ele>414.000</ele><time>2026-04-10T10:05:38Z</time><speed>0.850</speed><sat>33</sat></trkpt>
  <trkpt lat="31.70212445" lon="35.00596868"><ele>414.000</ele><time>2026-04-10T10:05:39Z</time><speed>0.540</speed><sat>31</sat></trkpt>
  <trkpt lat="31.70212260" lon="35.00597555"><ele>414.000</ele><time>2026-04-10T10:05:40Z</time><speed>0.590</speed><sat>31</sat></trkpt>
  <trkpt lat="31.70212474" lon="35.00597505"><ele>414.000</ele><time>2026-04-10T10:05:41Z</time><speed>0.000</speed><sat>29</sat></trkpt>
  <trkpt lat="31.70213476" lon="35.00596834"><ele>414.000</ele><time>2026-04-10T10:05:42Z</time><speed>1.350</speed><sat>28</sat></trkpt>
  <trkpt lat="31.70214155" lon="35.00595787"><ele>415.000</ele><time>2026-04-10T10:05:43Z</time><speed>1.170</speed><sat>30</sat></trkpt>
  <trkpt lat="31.70215596" lon="35.00594789"><ele>416.000</ele><time>2026-04-10T10:05:44Z</time><speed>2.740</speed><sat>31</sat></trkpt>
  <trkpt lat="31.70218719" lon="35.00594295"><ele>417.000</ele><time>2026-04-10T10:05:45Z</time><speed>3.970</speed><sat>32</sat></trkpt>
  <trkpt lat="31.70223656" lon="35.00594135"><ele>417.000</ele><time>2026-04-10T10:05:46Z</time><speed>5.810</speed><sat>33</sat></trkpt>
  <trkpt lat="31.70230185" lon="35.00593490"><ele>417.000</ele><time>2026-04-10T10:05:47Z</time><speed>6.340</speed><sat>33</sat></trkpt>
  <trkpt lat="31.70236371" lon="35.00591763"><ele>418.000</ele><time>2026-04-10T10:05:48Z</time><speed>6.780</speed><sat>34</sat></trkpt>
  <trkpt lat="31.70243906" lon="35.00588369"><ele>419.000</ele><time>2026-04-10T10:05:49Z</time><speed>8.830</speed><sat>34</sat></trkpt>
  <trkpt lat="31.70252640" lon="35.00586499"><ele>420.000</ele><time>2026-04-10T10:05:50Z</time><speed>9.890</speed><sat>34</sat></trkpt>
  <trkpt lat="31.70262414" lon="35.00585737"><ele>420.000</ele><time>2026-04-10T10:05:51Z</time><speed>10.150</speed><sat>32</sat></trkpt>
  <trkpt lat="31.70272560" lon="35.00583222"><ele>420.000</ele><time>2026-04-10T10:05:52Z</time><speed>10.760</speed><sat>34</sat></trkpt>
  <trkpt lat="31.70282614" lon="35.00581554"><ele>420.000</ele><time>2026-04-10T10:05:53Z</time><speed>11.300</speed><sat>36</sat></trkpt>
  <trkpt lat="31.70292852" lon="35.00577900"><ele>420.000</ele><time>2026-04-10T10:05:54Z</time><speed>11.190</speed><sat>34</sat></trkpt>
  <trkpt lat="31.70302261" lon="35.00574907"><ele>420.000</ele><time>2026-04-10T10:05:55Z</time><speed>11.230</speed><sat>34</sat></trkpt>
  <trkpt lat="31.70312202" lon="35.00570440"><ele>419.000</ele><time>2026-04-10T10:05:56Z</time><speed>10.020</speed><sat>33</sat></trkpt>
  <trkpt lat="31.70319851" lon="35.00567188"><ele>417.000</ele><time>2026-04-10T10:05:57Z</time><speed>7.010</speed><sat>34</sat></trkpt>
  <trkpt lat="31.70326179" lon="35.00565059"><ele>415.000</ele><time>2026-04-10T10:05:58Z</time><speed>5.380</speed><sat>35</sat></trkpt>
  <trkpt lat="31.70330617" lon="35.00562653"><ele>414.000</ele><time>2026-04-10T10:05:59Z</time><speed>5.350</speed><sat>33</sat></trkpt>
  <trkpt lat="31.70335629" lon="35.00560407"><ele>413.000</ele><time>2026-04-10T10:06:00Z</time><speed>5.690</speed><sat>34</sat></trkpt>
  <trkpt lat="31.70341048" lon="35.00559149"><ele>413.000</ele><time>2026-04-10T10:06:01Z</time><speed>5.600</speed><sat>34</sat></trkpt>
  <trkpt lat="31.70346413" lon="35.00557607"><ele>412.000</ele><time>2026-04-10T10:06:02Z</time><speed>5.510</speed><sat>33</sat></trkpt>
  <trkpt lat="31.70350465" lon="35.00556375"><ele>411.000</ele><time>2026-04-10T10:06:03Z</time><speed>4.750</speed><sat>38</sat></trkpt>
  <trkpt lat="31.70353709" lon="35.00554229"><ele>410.000</ele><time>2026-04-10T10:06:04Z</time><speed>4.690</speed><sat>38</sat></trkpt>
  <trkpt lat="31.70356362" lon="35.00550751"><ele>409.000</ele><time>2026-04-10T10:06:05Z</time><speed>4.730</speed><sat>37</sat></trkpt>
  <trkpt lat="31.70358868" lon="35.00546023"><ele>409.000</ele><time>2026-04-10T10:06:06Z</time><speed>5.270</speed><sat>39</sat></trkpt>
  <trkpt lat="31.70359945" lon="35.00539703"><ele>410.000</ele><time>2026-04-10T10:06:07Z</time><speed>5.590</speed><sat>38</sat></trkpt>
  <trkpt lat="31.70361295" lon="35.00533006"><ele>409.000</ele><time>2026-04-10T10:06:08Z</time><speed>6.300</speed><sat>39</sat></trkpt>
  <trkpt lat="31.70364614" lon="35.00526653"><ele>409.000</ele><time>2026-04-10T10:06:09Z</time><speed>7.610</speed><sat>40</sat></trkpt>
  <trkpt lat="31.70368503" lon="35.00519780"><ele>409.000</ele><time>2026-04-10T10:06:10Z</time><speed>8.260</speed><sat>35</sat></trkpt>
  <trkpt lat="31.70374387" lon="35.00512026"><ele>408.000</ele><time>2026-04-10T10:06:11Z</time><speed>10.110</speed><sat>32</sat></trkpt>
  <trkpt lat="31.70380628" lon="35.00503317"><ele>407.000</ele><time>2026-04-10T10:06:12Z</time><speed>11.200</speed><sat>34</sat></trkpt>
  <trkpt lat="31.70387568" lon="35.00494190"><ele>405.000</ele><time>2026-04-10T10:06:13Z</time><speed>11.470</speed><sat>34</sat></trkpt>
  <trkpt lat="31.70394810" lon="35.00485338"><ele>403.000</ele><time>2026-04-10T10:06:14Z</time><speed>11.360</speed><sat>35</sat></trkpt>
  <trkpt lat="31.70401729" lon="35.00475724"><ele>402.000</ele><time>2026-04-10T10:06:15Z</time><speed>11.530</speed><sat>35</sat></trkpt>
  <trkpt lat="31.70408883" lon="35.00466504"><ele>401.000</ele><time>2026-04-10T10:06:16Z</time><speed>11.950</speed><sat>35</sat></trkpt>
  <trkpt lat="31.70416335" lon="35.00458097"><ele>400.000</ele><time>2026-04-10T10:06:17Z</time><speed>11.600</speed><sat>35</sat></trkpt>
  <trkpt lat="31.70423690" lon="35.00450830"><ele>399.000</ele><time>2026-04-10T10:06:18Z</time><speed>10.930</speed><sat>32</sat></trkpt>
  <trkpt lat="31.70431288" lon="35.00444728"><ele>398.000</ele><time>2026-04-10T10:06:19Z</time><speed>9.950</speed><sat>34</sat></trkpt>
  <trkpt lat="31.70438928" lon="35.00438777"><ele>397.000</ele><time>2026-04-10T10:06:20Z</time><speed>9.710</speed><sat>33</sat></trkpt>
  <trkpt lat="31.70446501" lon="35.00433974"><ele>396.000</ele><time>2026-04-10T10:06:21Z</time><speed>9.640</speed><sat>32</sat></trkpt>
  <trkpt lat="31.70454091" lon="35.00430856"><ele>396.000</ele><time>2026-04-10T10:06:22Z</time><speed>8.500</speed><sat>33</sat></trkpt>
  <trkpt lat="31.70460105" lon="35.00429356"><ele>395.000</ele><time>2026-04-10T10:06:23Z</time><speed>5.980</speed><sat>36</sat></trkpt>
  <trkpt lat="31.70465444" lon="35.00428886"><ele>395.000</ele><time>2026-04-10T10:06:24Z</time><speed>5.230</speed><sat>36</sat></trkpt>
  <trkpt lat="31.70468420" lon="35.00429465"><ele>394.000</ele><time>2026-04-10T10:06:25Z</time><speed>2.380</speed><sat>37</sat></trkpt>
  <trkpt lat="31.70470637" lon="35.00429490"><ele>394.000</ele><time>2026-04-10T10:06:26Z</time><speed>2.910</speed><sat>37</sat></trkpt>
  <trkpt lat="31.70472967" lon="35.00429967"><ele>394.000</ele><time>2026-04-10T10:06:27Z</time><speed>3.000</speed><sat>37</sat></trkpt>
  <trkpt lat="31.70476668" lon="35.00431979"><ele>394.000</ele><time>2026-04-10T10:06:28Z</time><speed>5.180</speed><sat>36</sat></trkpt>
  <trkpt lat="31.70482355" lon="35.00434494"><ele>394.000</ele><time>2026-04-10T10:06:29Z</time><speed>6.370</speed><sat>37</sat></trkpt>
  <trkpt lat="31.70486604" lon="35.00438735"><ele>394.000</ele><time>2026-04-10T10:06:30Z</time><speed>6.650</speed><sat>37</sat></trkpt>
  <trkpt lat="31.70491847" lon="35.00441643"><ele>393.000</ele><time>2026-04-10T10:06:31Z</time><speed>6.530</speed><sat>38</sat></trkpt>
  <trkpt lat="31.70497182" lon="35.00443161"><ele>393.000</ele><time>2026-04-10T10:06:32Z</time><speed>6.080</speed><sat>36</sat></trkpt>
  <trkpt lat="31.70502283" lon="35.00442431"><ele>392.000</ele><time>2026-04-10T10:06:33Z</time><speed>5.570</speed><sat>38</sat></trkpt>
  <trkpt lat="31.70507471" lon="35.00440076"><ele>392.000</ele><time>2026-04-10T10:06:34Z</time><speed>5.780</speed><sat>38</sat></trkpt>
  <trkpt lat="31.70510962" lon="35.00435365"><ele>392.000</ele><time>2026-04-10T10:06:35Z</time><speed>6.140</speed><sat>38</sat></trkpt>
  <trkpt lat="31.70512521" lon="35.00428534"><ele>391.000</ele><time>2026-04-10T10:06:36Z</time><speed>6.590</speed><sat>38</sat></trkpt>
  <trkpt lat="31.70512115" lon="35.00420873"><ele>392.000</ele><time>2026-04-10T10:06:37Z</time><speed>7.070</speed><sat>38</sat></trkpt>
  <trkpt lat="31.70511612" lon="35.00413070"><ele>392.000</ele><time>2026-04-10T10:06:38Z</time><speed>7.440</speed><sat>37</sat></trkpt>
  <trkpt lat="31.70512312" lon="35.00403774"><ele>392.000</ele><time>2026-04-10T10:06:39Z</time><speed>8.170</speed><sat>38</sat></trkpt>
  <trkpt lat="31.70514193" lon="35.00394529"><ele>393.000</ele><time>2026-04-10T10:06:40Z</time><speed>9.100</speed><sat>38</sat></trkpt>
  <trkpt lat="31.70517102" lon="35.00385309"><ele>395.000</ele><time>2026-04-10T10:06:41Z</time><speed>9.620</speed><sat>39</sat></trkpt>
  <trkpt lat="31.70520346" lon="35.00375628"><ele>395.000</ele><time>2026-04-10T10:06:42Z</time><speed>10.260</speed><sat>37</sat></trkpt>
  <trkpt lat="31.70523422" lon="35.00365427"><ele>395.000</ele><time>2026-04-10T10:06:43Z</time><speed>10.690</speed><sat>37</sat></trkpt>
  <trkpt lat="31.70527680" lon="35.00354715"><ele>394.000</ele><time>2026-04-10T10:06:44Z</time><speed>11.380</speed><sat>38</sat></trkpt>
  <trkpt lat="31.70531808" lon="35.00343315"><ele>395.000</ele><time>2026-04-10T10:06:45Z</time><speed>11.780</speed><sat>38</sat></trkpt>
  <trkpt lat="31.70537344" lon="35.00331765"><ele>394.000</ele><time>2026-04-10T10:06:46Z</time><speed>12.150</speed><sat>38</sat></trkpt>
  <trkpt lat="31.70543199" lon="35.00321246"><ele>394.000</ele><time>2026-04-10T10:06:47Z</time><speed>12.180</speed><sat>37</sat></trkpt>
  <trkpt lat="31.70549326" lon="35.00310794"><ele>395.000</ele><time>2026-04-10T10:06:48Z</time><speed>12.790</speed><sat>38</sat></trkpt>
  <trkpt lat="31.70556195" lon="35.00299981"><ele>396.000</ele><time>2026-04-10T10:06:49Z</time><speed>13.330</speed><sat>38</sat></trkpt>
  <trkpt lat="31.70564057" lon="35.00288900"><ele>396.000</ele><time>2026-04-10T10:06:50Z</time><speed>14.080</speed><sat>38</sat></trkpt>
  <trkpt lat="31.70572196" lon="35.00277308"><ele>397.000</ele><time>2026-04-10T10:06:51Z</time><speed>14.540</speed><sat>39</sat></trkpt>
  <trkpt lat="31.70581244" lon="35.00266110"><ele>398.000</ele><time>2026-04-10T10:06:52Z</time><speed>14.990</speed><sat>38</sat></trkpt>
  <trkpt lat="31.70589970" lon="35.00254015"><ele>398.000</ele><time>2026-04-10T10:06:53Z</time><speed>15.490</speed><sat>39</sat></trkpt>
  <trkpt lat="31.70598725" lon="35.00241157"><ele>398.000</ele><time>2026-04-10T10:06:54Z</time><speed>15.730</speed><sat>37</sat></trkpt>
  <trkpt lat="31.70607911" lon="35.00228064"><ele>399.000</ele><time>2026-04-10T10:06:55Z</time><speed>15.960</speed><sat>37</sat></trkpt>
  <trkpt lat="31.70617295" lon="35.00214678"><ele>399.000</ele><time>2026-04-10T10:06:56Z</time><speed>16.220</speed><sat>37</sat></trkpt>
  <trkpt lat="31.70626720" lon="35.00201619"><ele>399.000</ele><time>2026-04-10T10:06:57Z</time><speed>16.080</speed><sat>38</sat></trkpt>
  <trkpt lat="31.70635953" lon="35.00189482"><ele>401.000</ele><time>2026-04-10T10:06:58Z</time><speed>15.460</speed><sat>39</sat></trkpt>
  <trkpt lat="31.70644624" lon="35.00177010"><ele>401.000</ele><time>2026-04-10T10:06:59Z</time><speed>15.010</speed><sat>38</sat></trkpt>
  <trkpt lat="31.70652600" lon="35.00164890"><ele>402.000</ele><time>2026-04-10T10:07:00Z</time><speed>14.890</speed><sat>36</sat></trkpt>
  <trkpt lat="31.70660965" lon="35.00152828"><ele>403.000</ele><time>2026-04-10T10:07:01Z</time><speed>14.520</speed><sat>37</sat></trkpt>
  <trkpt lat="31.70668890" lon="35.00141580"><ele>403.000</ele><time>2026-04-10T10:07:02Z</time><speed>13.220</speed><sat>38</sat></trkpt>
  <trkpt lat="31.70676685" lon="35.00131245"><ele>404.000</ele><time>2026-04-10T10:07:03Z</time><speed>12.730</speed><sat>37</sat></trkpt>
  <trkpt lat="31.70683122" lon="35.00122259"><ele>404.000</ele><time>2026-04-10T10:07:04Z</time><speed>11.000</speed><sat>37</sat></trkpt>
  <trkpt lat="31.70689476" lon="35.00114707"><ele>404.000</ele><time>2026-04-10T10:07:05Z</time><speed>8.140</speed><sat>37</sat></trkpt>
  <trkpt lat="31.70693717" lon="35.00109452"><ele>404.000</ele><time>2026-04-10T10:07:06Z</time><speed>6.000</speed><sat>38</sat></trkpt>
  <trkpt lat="31.70697589" lon="35.00104540"><ele>404.000</ele><time>2026-04-10T10:07:07Z</time><speed>5.780</speed><sat>39</sat></trkpt>
  <trkpt lat="31.70701076" lon="35.00100592"><ele>404.000</ele><time>2026-04-10T10:07:08Z</time><speed>6.170</speed><sat>38</sat></trkpt>
  <trkpt lat="31.70705502" lon="35.00096611"><ele>404.000</ele><time>2026-04-10T10:07:09Z</time><speed>6.670</speed><sat>37</sat></trkpt>
  <trkpt lat="31.70710250" lon="35.00093023"><ele>404.000</ele><time>2026-04-10T10:07:10Z</time><speed>6.150</speed><sat>38</sat></trkpt>
  <trkpt lat="31.70714408" lon="35.00088950"><ele>404.000</ele><time>2026-04-10T10:07:11Z</time><speed>6.040</speed><sat>37</sat></trkpt>
  <trkpt lat="31.70717396" lon="35.00083057"><ele>404.000</ele><time>2026-04-10T10:07:12Z</time><speed>6.410</speed><sat>38</sat></trkpt>
  <trkpt lat="31.70720216" lon="35.00075731"><ele>404.000</ele><time>2026-04-10T10:07:13Z</time><speed>6.540</speed><sat>38</sat></trkpt>
  <trkpt lat="31.70720778" lon="35.00069135"><ele>404.000</ele><time>2026-04-10T10:07:14Z</time><speed>7.220</speed><sat>38</sat></trkpt>
  <trkpt lat="31.70721138" lon="35.00060786"><ele>404.000</ele><time>2026-04-10T10:07:15Z</time><speed>8.040</speed><sat>38</sat></trkpt>
  <trkpt lat="31.70721947" lon="35.00050929"><ele>404.000</ele><time>2026-04-10T10:07:16Z</time><speed>8.480</speed><sat>39</sat></trkpt>
  <trkpt lat="31.70723439" lon="35.00041391"><ele>403.000</ele><time>2026-04-10T10:07:17Z</time><speed>8.680</speed><sat>39</sat></trkpt>
  <trkpt lat="31.70726620" lon="35.00033386"><ele>403.000</ele><time>2026-04-10T10:07:18Z</time><speed>8.850</speed><sat>38</sat></trkpt>
  <trkpt lat="31.70729504" lon="35.00025708"><ele>401.000</ele><time>2026-04-10T10:07:19Z</time><speed>7.770</speed><sat>37</sat></trkpt>
  <trkpt lat="31.70732986" lon="35.00020495"><ele>400.000</ele><time>2026-04-10T10:07:20Z</time><speed>5.990</speed><sat>37</sat></trkpt>
  <trkpt lat="31.70735170" lon="35.00015927"><ele>400.000</ele><time>2026-04-10T10:07:21Z</time><speed>4.290</speed><sat>38</sat></trkpt>
  <trkpt lat="31.70736314" lon="35.00012842"><ele>400.000</ele><time>2026-04-10T10:07:22Z</time><speed>2.380</speed><sat>38</sat></trkpt>
  <trkpt lat="31.70736808" lon="35.00010705"><ele>400.000</ele><time>2026-04-10T10:07:23Z</time><speed>0.840</speed><sat>37</sat></trkpt>
  <trkpt lat="31.70736687" lon="35.00010277"><ele>400.000</ele><time>2026-04-10T10:07:24Z</time><speed>0.600</speed><sat>38</sat></trkpt>
  <trkpt lat="31.70736578" lon="35.00011065"><ele>400.000</ele><time>2026-04-10T10:07:25Z</time><speed>0.130</speed><sat>36</sat></trkpt>
  <trkpt lat="31.70736498" lon="35.00010755"><ele>400.000</ele><time>2026-04-10T10:07:26Z</time><speed>0.450</speed><sat>38</sat></trkpt>
  <trkpt lat="31.70736477" lon="35.00010705"><ele>400.000</ele><time>2026-04-10T10:07:27Z</time><speed>0.000</speed><sat>37</sat></trkpt>
  <trkpt lat="31.70736419" lon="35.00010897"><ele>400.000</ele><time>2026-04-10T10:07:28Z</time><speed>0.050</speed><sat>38</sat></trkpt>
  <trkpt lat="31.70736699" lon="35.00010914"><ele>399.000</ele><time>2026-04-10T10:07:29Z</time><speed>0.000</speed><sat>36</sat></trkpt>
  <trkpt lat="31.70736699" lon="35.00010914"><ele>399.000</ele><time>2026-04-10T10:07:30Z</time><speed>0.000</speed><sat>37</sat></trkpt>
  <trkpt lat="31.70737181" lon="35.00010998"><ele>400.000</ele><time>2026-04-10T10:07:31Z</time><speed>0.650</speed><sat>36</sat></trkpt>
  <trkpt lat="31.70737919" lon="35.00009992"><ele>400.000</ele><time>2026-04-10T10:07:32Z</time><speed>1.540</speed><sat>34</sat></trkpt>
  <trkpt lat="31.70738506" lon="35.00007637"><ele>400.000</ele><time>2026-04-10T10:07:33Z</time><speed>2.350</speed><sat>37</sat></trkpt>
  <trkpt lat="31.70738858" lon="35.00005449"><ele>400.000</ele><time>2026-04-10T10:07:34Z</time><speed>1.970</speed><sat>37</sat></trkpt>
  <trkpt lat="31.70739403" lon="35.00002977"><ele>399.000</ele><time>2026-04-10T10:07:35Z</time><speed>3.240</speed><sat>35</sat></trkpt>
  <trkpt lat="31.70739822" lon="34.99998257"><ele>399.000</ele><time>2026-04-10T10:07:36Z</time><speed>4.980</speed><sat>37</sat></trkpt>
  <trkpt lat="31.70740496" lon="34.99992038"><ele>399.000</ele><time>2026-04-10T10:07:37Z</time><speed>6.770</speed><sat>35</sat></trkpt>
  <trkpt lat="31.70741427" lon="34.99983849"><ele>397.000</ele><time>2026-04-10T10:07:38Z</time><speed>8.530</speed><sat>36</sat></trkpt>
  <trkpt lat="31.70743719" lon="34.99973129"><ele>397.000</ele><time>2026-04-10T10:07:39Z</time><speed>10.000</speed><sat>38</sat></trkpt>
  <trkpt lat="31.70745936" lon="34.99962349"><ele>396.000</ele><time>2026-04-10T10:07:40Z</time><speed>11.140</speed><sat>35</sat></trkpt>
  <trkpt lat="31.70749172" lon="34.99950397"><ele>395.000</ele><time>2026-04-10T10:07:41Z</time><speed>12.420</speed><sat>35</sat></trkpt>
  <trkpt lat="31.70752692" lon="34.99937899"><ele>394.000</ele><time>2026-04-10T10:07:42Z</time><speed>13.270</speed><sat>36</sat></trkpt>
  <trkpt lat="31.70756376" lon="34.99924270"><ele>394.000</ele><time>2026-04-10T10:07:43Z</time><speed>13.960</speed><sat>37</sat></trkpt>
  <trkpt lat="31.70760571" lon="34.99910700"><ele>393.000</ele><time>2026-04-10T10:07:44Z</time><speed>13.990</speed><sat>37</sat></trkpt>
  <trkpt lat="31.70764481" lon="34.99897012"><ele>392.000</ele><time>2026-04-10T10:07:45Z</time><speed>13.940</speed><sat>38</sat></trkpt>
  <trkpt lat="31.70768211" lon="34.99883174"><ele>391.000</ele><time>2026-04-10T10:07:46Z</time><speed>13.570</speed><sat>36</sat></trkpt>
  <trkpt lat="31.70771966" lon="34.99869537"><ele>390.000</ele><time>2026-04-10T10:07:47Z</time><speed>13.760</speed><sat>36</sat></trkpt>
  <trkpt lat="31.70776107" lon="34.99855807"><ele>389.000</ele><time>2026-04-10T10:07:48Z</time><speed>13.850</speed><sat>37</sat></trkpt>
  <trkpt lat="31.70779963" lon="34.99841759"><ele>389.000</ele><time>2026-04-10T10:07:49Z</time><speed>13.950</speed><sat>38</sat></trkpt>
  <trkpt lat="31.70784112" lon="34.99827677"><ele>388.000</ele><time>2026-04-10T10:07:50Z</time><speed>14.180</speed><sat>37</sat></trkpt>
  <trkpt lat="31.70788860" lon="34.99813789"><ele>388.000</ele><time>2026-04-10T10:07:51Z</time><speed>14.370</speed><sat>38</sat></trkpt>
  <trkpt lat="31.70793369" lon="34.99799640"><ele>387.000</ele><time>2026-04-10T10:07:52Z</time><speed>14.210</speed><sat>37</sat></trkpt>
  <trkpt lat="31.70797464" lon="34.99785600"><ele>386.000</ele><time>2026-04-10T10:07:53Z</time><speed>14.140</speed><sat>37</sat></trkpt>
  <trkpt lat="31.70801412" lon="34.99771644"><ele>386.000</ele><time>2026-04-10T10:07:54Z</time><speed>14.320</speed><sat>36</sat></trkpt>
  <trkpt lat="31.70805154" lon="34.99757688"><ele>385.000</ele><time>2026-04-10T10:07:55Z</time><speed>13.440</speed><sat>37</sat></trkpt>
  <trkpt lat="31.70808528" lon="34.99744361"><ele>385.000</ele><time>2026-04-10T10:07:56Z</time><speed>13.290</speed><sat>36</sat></trkpt>
  <trkpt lat="31.70811776" lon="34.99730732"><ele>385.000</ele><time>2026-04-10T10:07:57Z</time><speed>13.300</speed><sat>37</sat></trkpt>
  <trkpt lat="31.70815221" lon="34.99717489"><ele>384.000</ele><time>2026-04-10T10:07:58Z</time><speed>13.230</speed><sat>39</sat></trkpt>
  <trkpt lat="31.70818834" lon="34.99703357"><ele>383.000</ele><time>2026-04-10T10:07:59Z</time><speed>13.340</speed><sat>34</sat></trkpt>
  <trkpt lat="31.70822333" lon="34.99689577"><ele>382.000</ele><time>2026-04-10T10:08:00Z</time><speed>13.290</speed><sat>36</sat></trkpt>
  <trkpt lat="31.70825246" lon="34.99675839"><ele>382.000</ele><time>2026-04-10T10:08:01Z</time><speed>13.040</speed><sat>36</sat></trkpt>
  <trkpt lat="31.70827861" lon="34.99662470"><ele>381.000</ele><time>2026-04-10T10:08:02Z</time><speed>12.160</speed><sat>37</sat></trkpt>
  <trkpt lat="31.70830195" lon="34.99650350"><ele>381.000</ele><time>2026-04-10T10:08:03Z</time><speed>11.360</speed><sat>36</sat></trkpt>
  <trkpt lat="31.70831976" lon="34.99638272"><ele>380.000</ele><time>2026-04-10T10:08:04Z</time><speed>11.220</speed><sat>37</sat></trkpt>
  <trkpt lat="31.70833443" lon="34.99626461"><ele>379.000</ele><time>2026-04-10T10:08:05Z</time><speed>11.360</speed><sat>37</sat></trkpt>
  <trkpt lat="31.70834939" lon="34.99615188"><ele>379.000</ele><time>2026-04-10T10:08:06Z</time><speed>10.130</speed><sat>35</sat></trkpt>
  <trkpt lat="31.70836255" lon="34.99605012"><ele>379.000</ele><time>2026-04-10T10:08:07Z</time><speed>8.800</speed><sat>37</sat></trkpt>
  <trkpt lat="31.70837022" lon="34.99596152"><ele>379.000</ele><time>2026-04-10T10:08:08Z</time><speed>7.810</speed><sat>36</sat></trkpt>
  <trkpt lat="31.70838322" lon="34.99588751"><ele>379.000</ele><time>2026-04-10T10:08:09Z</time><speed>6.640</speed><sat>37</sat></trkpt>
  <trkpt lat="31.70838942" lon="34.99583269"><ele>379.000</ele><time>2026-04-10T10:08:10Z</time><speed>4.910</speed><sat>35</sat></trkpt>
  <trkpt lat="31.70840224" lon="34.99578592"><ele>379.000</ele><time>2026-04-10T10:08:11Z</time><speed>4.060</speed><sat>34</sat></trkpt>
  <trkpt lat="31.70842031" lon="34.99574779"><ele>379.000</ele><time>2026-04-10T10:08:12Z</time><speed>4.570</speed><sat>35</sat></trkpt>
  <trkpt lat="31.70844507" lon="34.99570252"><ele>379.000</ele><time>2026-04-10T10:08:13Z</time><speed>5.040</speed><sat>36</sat></trkpt>
  <trkpt lat="31.70846955" lon="34.99565860"><ele>379.000</ele><time>2026-04-10T10:08:14Z</time><speed>5.010</speed><sat>36</sat></trkpt>
  <trkpt lat="31.70849423" lon="34.99561560"><ele>379.000</ele><time>2026-04-10T10:08:15Z</time><speed>4.950</speed><sat>35</sat></trkpt>
  <trkpt lat="31.70851259" lon="34.99557160"><ele>379.000</ele><time>2026-04-10T10:08:16Z</time><speed>5.030</speed><sat>35</sat></trkpt>
  <trkpt lat="31.70851527" lon="34.99551812"><ele>378.000</ele><time>2026-04-10T10:08:17Z</time><speed>4.520</speed><sat>36</sat></trkpt>
  <trkpt lat="31.70850538" lon="34.99546808"><ele>377.000</ele><time>2026-04-10T10:08:18Z</time><speed>5.080</speed><sat>34</sat></trkpt>
  <trkpt lat="31.70849331" lon="34.99540731"><ele>377.000</ele><time>2026-04-10T10:08:19Z</time><speed>5.600</speed><sat>36</sat></trkpt>
  <trkpt lat="31.70848174" lon="34.99534344"><ele>377.000</ele><time>2026-04-10T10:08:20Z</time><speed>6.310</speed><sat>37</sat></trkpt>
  <trkpt lat="31.70847990" lon="34.99527463"><ele>377.000</ele><time>2026-04-10T10:08:21Z</time><speed>6.550</speed><sat>37</sat></trkpt>
  <trkpt lat="31.70848761" lon="34.99520623"><ele>378.000</ele><time>2026-04-10T10:08:22Z</time><speed>7.230</speed><sat>37</sat></trkpt>
  <trkpt lat="31.70850278" lon="34.99513490"><ele>377.000</ele><time>2026-04-10T10:08:23Z</time><speed>6.590</speed><sat>36</sat></trkpt>
  <trkpt lat="31.70851209" lon="34.99507983"><ele>376.000</ele><time>2026-04-10T10:08:24Z</time><speed>4.560</speed><sat>36</sat></trkpt>
  <trkpt lat="31.70851745" lon="34.99503935"><ele>376.000</ele><time>2026-04-10T10:08:25Z</time><speed>2.790</speed><sat>37</sat></trkpt>
  <trkpt lat="31.70851976" lon="34.99502267"><ele>375.000</ele><time>2026-04-10T10:08:26Z</time><speed>1.190</speed><sat>36</sat></trkpt>
  <trkpt lat="31.70852349" lon="34.99501554"><ele>375.000</ele><time>2026-04-10T10:08:27Z</time><speed>0.530</speed><sat>36</sat></trkpt>
  <trkpt lat="31.70852772" lon="34.99502284"><ele>374.000</ele><time>2026-04-10T10:08:28Z</time><speed>0.160</speed><sat>35</sat></trkpt>
  <trkpt lat="31.70852789" lon="34.99502300"><ele>374.000</ele><time>2026-04-10T10:08:29Z</time><speed>0.000</speed><sat>35</sat></trkpt>
  <trkpt lat="31.70852780" lon="34.99502300"><ele>374.000</ele><time>2026-04-10T10:08:30Z</time><speed>0.000</speed><sat>35</sat></trkpt>
  <trkpt lat="31.70852780" lon="34.99502300"><ele>374.000</ele><time>2026-04-10T10:08:31Z</time><speed>0.000</speed><sat>35</sat></trkpt>
  <trkpt lat="31.70852780" lon="34.99502300"><ele>374.000</ele><time>2026-04-10T10:08:32Z</time><speed>0.000</speed><sat>34</sat></trkpt>
  <trkpt lat="31.70852780" lon="34.99502300"><ele>374.000</ele><time>2026-04-10T10:08:33Z</time><speed>0.000</speed><sat>34</sat></trkpt>
  <trkpt lat="31.70852780" lon="34.99502300"><ele>374.000</ele><time>2026-04-10T10:08:34Z</time><speed>0.000</speed><sat>36</sat></trkpt>
  <trkpt lat="31.70852780" lon="34.99502300"><ele>374.000</ele><time>2026-04-10T10:08:35Z</time><speed>0.000</speed><sat>36</sat></trkpt>
  <trkpt lat="31.70853053" lon="34.99502149"><ele>374.000</ele><time>2026-04-10T10:08:36Z</time><speed>0.700</speed><sat>35</sat></trkpt>
  <trkpt lat="31.70853342" lon="34.99500196"><ele>374.000</ele><time>2026-04-10T10:08:37Z</time><speed>2.060</speed><sat>35</sat></trkpt>
  <trkpt lat="31.70852956" lon="34.99496525"><ele>374.000</ele><time>2026-04-10T10:08:38Z</time><speed>3.600</speed><sat>36</sat></trkpt>
  <trkpt lat="31.70852596" lon="34.99490582"><ele>374.000</ele><time>2026-04-10T10:08:39Z</time><speed>6.490</speed><sat>36</sat></trkpt>
  <trkpt lat="31.70851582" lon="34.99481874"><ele>375.000</ele><time>2026-04-10T10:08:40Z</time><speed>8.290</speed><sat>35</sat></trkpt>
  <trkpt lat="31.70849796" lon="34.99471949"><ele>375.000</ele><time>2026-04-10T10:08:41Z</time><speed>8.840</speed><sat>34</sat></trkpt>
  <trkpt lat="31.70849264" lon="34.99460642"><ele>375.000</ele><time>2026-04-10T10:08:42Z</time><speed>10.250</speed><sat>34</sat></trkpt>
  <trkpt lat="31.70849113" lon="34.99449092"><ele>375.000</ele><time>2026-04-10T10:08:43Z</time><speed>10.710</speed><sat>34</sat></trkpt>
  <trkpt lat="31.70849046" lon="34.99436008"><ele>375.000</ele><time>2026-04-10T10:08:44Z</time><speed>12.680</speed><sat>35</sat></trkpt>
  <trkpt lat="31.70849138" lon="34.99420996"><ele>374.000</ele><time>2026-04-10T10:08:45Z</time><speed>13.680</speed><sat>36</sat></trkpt>
  <trkpt lat="31.70849268" lon="34.99406260"><ele>373.000</ele><time>2026-04-10T10:08:46Z</time><speed>14.160</speed><sat>37</sat></trkpt>
  <trkpt lat="31.70849239" lon="34.99391282"><ele>373.000</ele><time>2026-04-10T10:08:47Z</time><speed>14.680</speed><sat>36</sat></trkpt>
  <trkpt lat="31.70849377" lon="34.99375884"><ele>372.000</ele><time>2026-04-10T10:08:48Z</time><speed>14.640</speed><sat>35</sat></trkpt>
  <trkpt lat="31.70849398" lon="34.99359816"><ele>371.000</ele><time>2026-04-10T10:08:49Z</time><speed>14.630</speed><sat>37</sat></trkpt>
  <trkpt lat="31.70849704" lon="34.99344486"><ele>370.000</ele><time>2026-04-10T10:08:50Z</time><speed>14.510</speed><sat>38</sat></trkpt>
  <trkpt lat="31.70849516" lon="34.99329482"><ele>371.000</ele><time>2026-04-10T10:08:51Z</time><speed>14.120</speed><sat>36</sat></trkpt>
  <trkpt lat="31.70849365" lon="34.99315124"><ele>371.000</ele><time>2026-04-10T10:08:52Z</time><speed>14.060</speed><sat>38</sat></trkpt>
  <trkpt lat="31.70848912" lon="34.99300280"><ele>371.000</ele><time>2026-04-10T10:08:53Z</time><speed>14.050</speed><sat>36</sat></trkpt>
  <trkpt lat="31.70848807" lon="34.99285938"><ele>371.000</ele><time>2026-04-10T10:08:54Z</time><speed>13.200</speed><sat>38</sat></trkpt>
  <trkpt lat="31.70848397" lon="34.99272242"><ele>370.000</ele><time>2026-04-10T10:08:55Z</time><speed>12.850</speed><sat>36</sat></trkpt>
  <trkpt lat="31.70848371" lon="34.99258119"><ele>369.000</ele><time>2026-04-10T10:08:56Z</time><speed>13.010</speed><sat>37</sat></trkpt>
  <trkpt lat="31.70848853" lon="34.99244054"><ele>369.000</ele><time>2026-04-10T10:08:57Z</time><speed>13.480</speed><sat>37</sat></trkpt>
  <trkpt lat="31.70849742" lon="34.99229453"><ele>369.000</ele><time>2026-04-10T10:08:58Z</time><speed>13.490</speed><sat>37</sat></trkpt>
  <trkpt lat="31.70851016" lon="34.99215161"><ele>368.000</ele><time>2026-04-10T10:08:59Z</time><speed>14.050</speed><sat>37</sat></trkpt>
  <trkpt lat="31.70852437" lon="34.99201491"><ele>367.000</ele><time>2026-04-10T10:09:00Z</time><speed>12.670</speed><sat>35</sat></trkpt>
  <trkpt lat="31.70854038" lon="34.99187736"><ele>366.000</ele><time>2026-04-10T10:09:01Z</time><speed>13.340</speed><sat>35</sat></trkpt>
  <trkpt lat="31.70856544" lon="34.99174249"><ele>366.000</ele><time>2026-04-10T10:09:02Z</time><speed>12.960</speed><sat>36</sat></trkpt>
  <trkpt lat="31.70859339" lon="34.99161727"><ele>365.000</ele><time>2026-04-10T10:09:03Z</time><speed>11.530</speed><sat>33</sat></trkpt>
  <trkpt lat="31.70861250" lon="34.99150721"><ele>365.000</ele><time>2026-04-10T10:09:04Z</time><speed>10.670</speed><sat>32</sat></trkpt>
  <trkpt lat="31.70863128" lon="34.99140252"><ele>365.000</ele><time>2026-04-10T10:09:05Z</time><speed>8.980</speed><sat>34</sat></trkpt>
  <trkpt lat="31.70863870" lon="34.99132826"><ele>365.000</ele><time>2026-04-10T10:09:06Z</time><speed>7.150</speed><sat>32</sat></trkpt>
  <trkpt lat="31.70865010" lon="34.99126380"><ele>365.000</ele><time>2026-04-10T10:09:07Z</time><speed>5.700</speed><sat>33</sat></trkpt>
  <trkpt lat="31.70866967" lon="34.99120337"><ele>366.000</ele><time>2026-04-10T10:09:08Z</time><speed>5.600</speed><sat>32</sat></trkpt>
  <trkpt lat="31.70869741" lon="34.99115006"><ele>366.000</ele><time>2026-04-10T10:09:09Z</time><speed>6.670</speed><sat>32</sat></trkpt>
  <trkpt lat="31.70874238" lon="34.99110086"><ele>366.000</ele><time>2026-04-10T10:09:10Z</time><speed>7.320</speed><sat>35</sat></trkpt>
  <trkpt lat="31.70880038" lon="34.99104797"><ele>366.000</ele><time>2026-04-10T10:09:11Z</time><speed>7.980</speed><sat>32</sat></trkpt>
  <trkpt lat="31.70886321" lon="34.99099122"><ele>366.000</ele><time>2026-04-10T10:09:12Z</time><speed>8.290</speed><sat>33</sat></trkpt>
  <trkpt lat="31.70891861" lon="34.99094001"><ele>366.000</ele><time>2026-04-10T10:09:13Z</time><speed>7.750</speed><sat>32</sat></trkpt>
  <trkpt lat="31.70897862" lon="34.99090439"><ele>366.000</ele><time>2026-04-10T10:09:14Z</time><speed>7.810</speed><sat>32</sat></trkpt>
  <trkpt lat="31.70904731" lon="34.99088352"><ele>365.000</ele><time>2026-04-10T10:09:15Z</time><speed>8.130</speed><sat>31</sat></trkpt>
  <trkpt lat="31.70912589" lon="34.99086600"><ele>364.000</ele><time>2026-04-10T10:09:16Z</time><speed>8.330</speed><sat>30</sat></trkpt>
  <trkpt lat="31.70919986" lon="34.99085376"><ele>364.000</ele><time>2026-04-10T10:09:17Z</time><speed>8.030</speed><sat>31</sat></trkpt>
  <trkpt lat="31.70926642" lon="34.99087019"><ele>365.000</ele><time>2026-04-10T10:09:18Z</time><speed>7.460</speed><sat>31</sat></trkpt>
  <trkpt lat="31.70931600" lon="34.99088511"><ele>365.000</ele><time>2026-04-10T10:09:19Z</time><speed>5.340</speed><sat>30</sat></trkpt>
  <trkpt lat="31.70934231" lon="34.99089550"><ele>365.000</ele><time>2026-04-10T10:09:20Z</time><speed>2.260</speed><sat>29</sat></trkpt>
  <trkpt lat="31.70935564" lon="34.99089936"><ele>365.000</ele><time>2026-04-10T10:09:21Z</time><speed>1.640</speed><sat>30</sat></trkpt>
  <trkpt lat="31.70935715" lon="34.99089592"><ele>365.000</ele><time>2026-04-10T10:09:22Z</time><speed>0.400</speed><sat>31</sat></trkpt>
  <trkpt lat="31.70935162" lon="34.99089265"><ele>365.000</ele><time>2026-04-10T10:09:23Z</time><speed>0.220</speed><sat>31</sat></trkpt>
  <trkpt lat="31.70935086" lon="34.99089140"><ele>365.000</ele><time>2026-04-10T10:09:24Z</time><speed>0.070</speed><sat>30</sat></trkpt>
  <trkpt lat="31.70935095" lon="34.99089114"><ele>365.000</ele><time>2026-04-10T10:09:25Z</time><speed>0.000</speed><sat>31</sat></trkpt>
  <trkpt lat="31.70935095" lon="34.99089114"><ele>365.000</ele><time>2026-04-10T10:09:26Z</time><speed>0.000</speed><sat>32</sat></trkpt>
  <trkpt lat="31.70935095" lon="34.99089114"><ele>365.000</ele><time>2026-04-10T10:09:27Z</time><speed>0.000</speed><sat>32</sat></trkpt>
  <trkpt lat="31.70935095" lon="34.99089114"><ele>365.000</ele><time>2026-04-10T10:09:28Z</time><speed>0.000</speed><sat>31</sat></trkpt>
  <trkpt lat="31.70935095" lon="34.99089114"><ele>365.000</ele><time>2026-04-10T10:09:29Z</time><speed>0.000</speed><sat>31</sat></trkpt>
  <trkpt lat="31.70935095" lon="34.99089114"><ele>365.000</ele><time>2026-04-10T10:09:30Z</time><speed>0.000</speed><sat>31</sat></trkpt>
  <trkpt lat="31.70935095" lon="34.99089114"><ele>365.000</ele><time>2026-04-10T10:09:31Z</time><speed>0.000</speed><sat>30</sat></trkpt>
  <trkpt lat="31.70935095" lon="34.99089114"><ele>365.000</ele><time>2026-04-10T10:09:32Z</time><speed>0.000</speed><sat>28</sat></trkpt>
  <trkpt lat="31.70935095" lon="34.99089114"><ele>365.000</ele><time>2026-04-10T10:09:33Z</time><speed>0.000</speed><sat>31</sat></trkpt>
  <trkpt lat="31.70935095" lon="34.99089114"><ele>365.000</ele><time>2026-04-10T10:09:34Z</time><speed>0.000</speed><sat>31</sat></trkpt>
  <trkpt lat="31.70935095" lon="34.99089114"><ele>365.000</ele><time>2026-04-10T10:09:35Z</time><speed>0.000</speed><sat>30</sat></trkpt>
  <trkpt lat="31.70935095" lon="34.99089114"><ele>365.000</ele><time>2026-04-10T10:09:36Z</time><speed>0.000</speed><sat>30</sat></trkpt>
  <trkpt lat="31.70935095" lon="34.99089114"><ele>365.000</ele><time>2026-04-10T10:09:37Z</time><speed>0.000</speed><sat>31</sat></trkpt>
  <trkpt lat="31.70935095" lon="34.99089114"><ele>365.000</ele><time>2026-04-10T10:09:38Z</time><speed>0.000</speed><sat>32</sat></trkpt>
  <trkpt lat="31.70935095" lon="34.99089114"><ele>365.000</ele><time>2026-04-10T10:09:39Z</time><speed>0.000</speed><sat>32</sat></trkpt>
  <trkpt lat="31.70935669" lon="34.99089257"><ele>364.000</ele><time>2026-04-10T10:09:40Z</time><speed>0.910</speed><sat>31</sat></trkpt>
  <trkpt lat="31.70937144" lon="34.99088679"><ele>364.000</ele><time>2026-04-10T10:09:41Z</time><speed>2.240</speed><sat>32</sat></trkpt>
  <trkpt lat="31.70940388" lon="34.99088352"><ele>364.000</ele><time>2026-04-10T10:09:42Z</time><speed>4.210</speed><sat>32</sat></trkpt>
  <trkpt lat="31.70945291" lon="34.99088930"><ele>364.000</ele><time>2026-04-10T10:09:43Z</time><speed>4.820</speed><sat>32</sat></trkpt>
  <trkpt lat="31.70951100" lon="34.99088318"><ele>364.000</ele><time>2026-04-10T10:09:44Z</time><speed>5.800</speed><sat>31</sat></trkpt>
  <trkpt lat="31.70956586" lon="34.99087958"><ele>364.000</ele><time>2026-04-10T10:09:45Z</time><speed>7.160</speed><sat>31</sat></trkpt>
  <trkpt lat="31.70963933" lon="34.99089148"><ele>365.000</ele><time>2026-04-10T10:09:46Z</time><speed>7.850</speed><sat>30</sat></trkpt>
  <trkpt lat="31.70971539" lon="34.99089668"><ele>365.000</ele><time>2026-04-10T10:09:47Z</time><speed>8.790</speed><sat>30</sat></trkpt>
  <trkpt lat="31.70980030" lon="34.99091252"><ele>365.000</ele><time>2026-04-10T10:09:48Z</time><speed>9.480</speed><sat>33</sat></trkpt>
  <trkpt lat="31.70988299" lon="34.99093247"><ele>366.000</ele><time>2026-04-10T10:09:49Z</time><speed>9.180</speed><sat>33</sat></trkpt>
  <trkpt lat="31.70996911" lon="34.99095141"><ele>365.000</ele><time>2026-04-10T10:09:50Z</time><speed>9.060</speed><sat>31</sat></trkpt>
  <trkpt lat="31.71004631" lon="34.99097127"><ele>365.000</ele><time>2026-04-10T10:09:51Z</time><speed>8.630</speed><sat>32</sat></trkpt>
  <trkpt lat="31.71011936" lon="34.99099256"><ele>365.000</ele><time>2026-04-10T10:09:52Z</time><speed>8.460</speed><sat>32</sat></trkpt>
  <trkpt lat="31.71020037" lon="34.99101251"><ele>366.000</ele><time>2026-04-10T10:09:53Z</time><speed>8.850</speed><sat>33</sat></trkpt>
  <trkpt lat="31.71028251" lon="34.99103489"><ele>366.000</ele><time>2026-04-10T10:09:54Z</time><speed>9.620</speed><sat>33</sat></trkpt>
  <trkpt lat="31.71036612" lon="34.99106381"><ele>367.000</ele><time>2026-04-10T10:09:55Z</time><speed>10.440</speed><sat>33</sat></trkpt>
  <trkpt lat="31.71046369" lon="34.99107320"><ele>367.000</ele><time>2026-04-10T10:09:56Z</time><speed>11.170</speed><sat>35</sat></trkpt>
  <trkpt lat="31.71056838" lon="34.99108904"><ele>367.000</ele><time>2026-04-10T10:09:57Z</time><speed>11.590</speed><sat>37</sat></trkpt>
  <trkpt lat="31.71068275" lon="34.99108988"><ele>368.000</ele><time>2026-04-10T10:09:58Z</time><speed>11.440</speed><sat>35</sat></trkpt>
  <trkpt lat="31.71078647" lon="34.99108736"><ele>369.000</ele><time>2026-04-10T10:09:59Z</time><speed>11.290</speed><sat>34</sat></trkpt>
  <trkpt lat="31.71088945" lon="34.99107060"><ele>369.000</ele><time>2026-04-10T10:10:00Z</time><speed>9.890</speed><sat>36</sat></trkpt>
  <trkpt lat="31.71096124" lon="34.99105509"><ele>369.000</ele><time>2026-04-10T10:10:01Z</time><speed>7.430</speed><sat>34</sat></trkpt>
  <trkpt lat="31.71101840" lon="34.99103808"><ele>370.000</ele><time>2026-04-10T10:10:02Z</time><speed>5.140</speed><sat>37</sat></trkpt>
  <trkpt lat="31.71105369" lon="34.99102886"><ele>370.000</ele><time>2026-04-10T10:10:03Z</time><speed>2.660</speed><sat>38</sat></trkpt>
  <trkpt lat="31.71106610" lon="34.99102391"><ele>370.000</ele><time>2026-04-10T10:10:04Z</time><speed>0.440</speed><sat>36</sat></trkpt>
  <trkpt lat="31.71106392" lon="34.99102307"><ele>369.000</ele><time>2026-04-10T10:10:05Z</time><speed>0.510</speed><sat>37</sat></trkpt>
  <trkpt lat="31.71106433" lon="34.99102257"><ele>369.000</ele><time>2026-04-10T10:10:06Z</time><speed>0.000</speed><sat>37</sat></trkpt>
  <trkpt lat="31.71106815" lon="34.99102693"><ele>369.000</ele><time>2026-04-10T10:10:07Z</time><speed>0.490</speed><sat>34</sat></trkpt>
  <trkpt lat="31.71107381" lon="34.99102299"><ele>370.000</ele><time>2026-04-10T10:10:08Z</time><speed>0.930</speed><sat>34</sat></trkpt>
  <trkpt lat="31.71108487" lon="34.99102207"><ele>370.000</ele><time>2026-04-10T10:10:09Z</time><speed>1.460</speed><sat>36</sat></trkpt>
  <trkpt lat="31.71110339" lon="34.99101704"><ele>370.000</ele><time>2026-04-10T10:10:10Z</time><speed>2.270</speed><sat>36</sat></trkpt>
  <trkpt lat="31.71112334" lon="34.99100916"><ele>370.000</ele><time>2026-04-10T10:10:11Z</time><speed>2.220</speed><sat>35</sat></trkpt>
  <trkpt lat="31.71114011" lon="34.99100271"><ele>371.000</ele><time>2026-04-10T10:10:12Z</time><speed>1.700</speed><sat>35</sat></trkpt>
  <trkpt lat="31.71115105" lon="34.99099843"><ele>371.000</ele><time>2026-04-10T10:10:13Z</time><speed>1.140</speed><sat>35</sat></trkpt>
  <trkpt lat="31.71116052" lon="34.99100011"><ele>371.000</ele><time>2026-04-10T10:10:14Z</time><speed>2.230</speed><sat>37</sat></trkpt>
  <trkpt lat="31.71118537" lon="34.99099324"><ele>371.000</ele><time>2026-04-10T10:10:15Z</time><speed>3.660</speed><sat>36</sat></trkpt>
  <trkpt lat="31.71122724" lon="34.99099583"><ele>370.000</ele><time>2026-04-10T10:10:16Z</time><speed>4.970</speed><sat>37</sat></trkpt>
  <trkpt lat="31.71126533" lon="34.99100950"><ele>370.000</ele><time>2026-04-10T10:10:17Z</time><speed>5.170</speed><sat>37</sat></trkpt>
  <trkpt lat="31.71131122" lon="34.99101025"><ele>370.000</ele><time>2026-04-10T10:10:18Z</time><speed>4.760</speed><sat>39</sat></trkpt>
  <trkpt lat="31.71135380" lon="34.99100489"><ele>371.000</ele><time>2026-04-10T10:10:19Z</time><speed>5.220</speed><sat>38</sat></trkpt>
  <trkpt lat="31.71139374" lon="34.99098351"><ele>371.000</ele><time>2026-04-10T10:10:20Z</time><speed>5.150</speed><sat>38</sat></trkpt>
  <trkpt lat="31.71142555" lon="34.99094655"><ele>371.000</ele><time>2026-04-10T10:10:21Z</time><speed>5.610</speed><sat>38</sat></trkpt>
  <trkpt lat="31.71145933" lon="34.99089357"><ele>372.000</ele><time>2026-04-10T10:10:22Z</time><speed>6.160</speed><sat>38</sat></trkpt>
  <trkpt lat="31.71149001" lon="34.99082920"><ele>373.000</ele><time>2026-04-10T10:10:23Z</time><speed>6.350</speed><sat>38</sat></trkpt>
  <trkpt lat="31.71152308" lon="34.99077346"><ele>373.000</ele><time>2026-04-10T10:10:24Z</time><speed>6.080</speed><sat>38</sat></trkpt>
  <trkpt lat="31.71156071" lon="34.99073415"><ele>373.000</ele><time>2026-04-10T10:10:25Z</time><speed>4.810</speed><sat>38</sat></trkpt>
  <trkpt lat="31.71159277" lon="34.99071596"><ele>373.000</ele><time>2026-04-10T10:10:26Z</time><speed>4.340</speed><sat>38</sat></trkpt>
  <trkpt lat="31.71162223" lon="34.99069140"><ele>373.000</ele><time>2026-04-10T10:10:27Z</time><speed>3.670</speed><sat>38</sat></trkpt>
  <trkpt lat="31.71164797" lon="34.99066181"><ele>373.000</ele><time>2026-04-10T10:10:28Z</time><speed>4.190</speed><sat>38</sat></trkpt>
  <trkpt lat="31.71168095" lon="34.99063390"><ele>373.000</ele><time>2026-04-10T10:10:29Z</time><speed>4.780</speed><sat>38</sat></trkpt>
  <trkpt lat="31.71171045" lon="34.99060012"><ele>373.000</ele><time>2026-04-10T10:10:30Z</time><speed>4.790</speed><sat>38</sat></trkpt>
  <trkpt lat="31.71173568" lon="34.99057104"><ele>373.000</ele><time>2026-04-10T10:10:31Z</time><speed>3.880</speed><sat>39</sat></trkpt>
  <trkpt lat="31.71176527" lon="34.99054614"><ele>373.000</ele><time>2026-04-10T10:10:32Z</time><speed>3.630</speed><sat>38</sat></trkpt>
  <trkpt lat="31.71178606" lon="34.99052737"><ele>372.000</ele><time>2026-04-10T10:10:33Z</time><speed>2.790</speed><sat>38</sat></trkpt>
  <trkpt lat="31.71180555" lon="34.99051211"><ele>372.000</ele><time>2026-04-10T10:10:34Z</time><speed>1.490</speed><sat>37</sat></trkpt>
  <trkpt lat="31.71180500" lon="34.99050843"><ele>372.000</ele><time>2026-04-10T10:10:35Z</time><speed>0.670</speed><sat>37</sat></trkpt>
  <trkpt lat="31.71180534" lon="34.99050784"><ele>372.000</ele><time>2026-04-10T10:10:36Z</time><speed>0.000</speed><sat>37</sat></trkpt>
  <trkpt lat="31.71180530" lon="34.99050784"><ele>372.000</ele><time>2026-04-10T10:10:37Z</time><speed>0.000</speed><sat>37</sat></trkpt>
  <trkpt lat="31.71180521" lon="34.99050784"><ele>372.000</ele><time>2026-04-10T10:10:38Z</time><speed>0.000</speed><sat>36</sat></trkpt>
  <trkpt lat="31.71180521" lon="34.99050784"><ele>372.000</ele><time>2026-04-10T10:10:39Z</time><speed>0.000</speed><sat>38</sat></trkpt>
  <trkpt lat="31.71180521" lon="34.99050784"><ele>372.000</ele><time>2026-04-10T10:10:40Z</time><speed>0.000</speed><sat>38</sat></trkpt>
  <trkpt lat="31.71180521" lon="34.99050784"><ele>372.000</ele><time>2026-04-10T10:10:41Z</time><speed>0.000</speed><sat>38</sat></trkpt>
  <trkpt lat="31.71180521" lon="34.99050784"><ele>372.000</ele><time>2026-04-10T10:10:42Z</time><speed>0.000</speed><sat>38</sat></trkpt>
  <trkpt lat="31.71180521" lon="34.99050784"><ele>372.000</ele><time>2026-04-10T10:10:43Z</time><speed>0.000</speed><sat>37</sat></trkpt>
  <trkpt lat="31.71180521" lon="34.99050784"><ele>372.000</ele><time>2026-04-10T10:10:44Z</time><speed>0.000</speed><sat>39</sat></trkpt>
  <trkpt lat="31.71180245" lon="34.99050650"><ele>372.000</ele><time>2026-04-10T10:10:45Z</time><speed>0.990</speed><sat>38</sat></trkpt>
  <trkpt lat="31.71180802" lon="34.99049602"><ele>373.000</ele><time>2026-04-10T10:10:46Z</time><speed>1.780</speed><sat>38</sat></trkpt>
  <trkpt lat="31.71182118" lon="34.99047322"><ele>373.000</ele><time>2026-04-10T10:10:47Z</time><speed>2.990</speed><sat>38</sat></trkpt>
  <trkpt lat="31.71184394" lon="34.99043223"><ele>374.000</ele><time>2026-04-10T10:10:48Z</time><speed>6.050</speed><sat>37</sat></trkpt>
  <trkpt lat="31.71188170" lon="34.99036367"><ele>375.000</ele><time>2026-04-10T10:10:49Z</time><speed>7.730</speed><sat>36</sat></trkpt>
  <trkpt lat="31.71192310" lon="34.99028547"><ele>375.000</ele><time>2026-04-10T10:10:50Z</time><speed>8.560</speed><sat>36</sat></trkpt>
  <trkpt lat="31.71198182" lon="34.99020559"><ele>376.000</ele><time>2026-04-10T10:10:51Z</time><speed>9.530</speed><sat>37</sat></trkpt>
  <trkpt lat="31.71204146" lon="34.99011875"><ele>377.000</ele><time>2026-04-10T10:10:52Z</time><speed>10.470</speed><sat>37</sat></trkpt>
  <trkpt lat="31.71210642" lon="34.99002219"><ele>377.000</ele><time>2026-04-10T10:10:53Z</time><speed>11.050</speed><sat>35</sat></trkpt>
  <trkpt lat="31.71217037" lon="34.98992681"><ele>377.000</ele><time>2026-04-10T10:10:54Z</time><speed>11.020</speed><sat>36</sat></trkpt>
  <trkpt lat="31.71223717" lon="34.98984324"><ele>378.000</ele><time>2026-04-10T10:10:55Z</time><speed>10.850</speed><sat>34</sat></trkpt>
  <trkpt lat="31.71230268" lon="34.98976001"><ele>378.000</ele><time>2026-04-10T10:10:56Z</time><speed>10.900</speed><sat>39</sat></trkpt>
  <trkpt lat="31.71237577" lon="34.98969010"><ele>378.000</ele><time>2026-04-10T10:10:57Z</time><speed>10.400</speed><sat>35</sat></trkpt>
  <trkpt lat="31.71244760" lon="34.98962975"><ele>377.000</ele><time>2026-04-10T10:10:58Z</time><speed>9.250</speed><sat>34</sat></trkpt>
  <trkpt lat="31.71250724" lon="34.98957887"><ele>377.000</ele><time>2026-04-10T10:10:59Z</time><speed>8.310</speed><sat>33</sat></trkpt>
  <trkpt lat="31.71256185" lon="34.98952640"><ele>377.000</ele><time>2026-04-10T10:11:00Z</time><speed>7.690</speed><sat>35</sat></trkpt>
  <trkpt lat="31.71260987" lon="34.98948072"><ele>377.000</ele><time>2026-04-10T10:11:01Z</time><speed>7.130</speed><sat>35</sat></trkpt>
  <trkpt lat="31.71265799" lon="34.98943487"><ele>377.000</ele><time>2026-04-10T10:11:02Z</time><speed>7.230</speed><sat>34</sat></trkpt>
  <trkpt lat="31.71270715" lon="34.98938919"><ele>377.000</ele><time>2026-04-10T10:11:03Z</time><speed>7.330</speed><sat>35</sat></trkpt>
  <trkpt lat="31.71275832" lon="34.98934720"><ele>377.000</ele><time>2026-04-10T10:11:04Z</time><speed>7.320</speed><sat>36</sat></trkpt>
  <trkpt lat="31.71281615" lon="34.98931292"><ele>376.000</ele><time>2026-04-10T10:11:05Z</time><speed>7.570</speed><sat>33</sat></trkpt>
  <trkpt lat="31.71287633" lon="34.98928257"><ele>375.000</ele><time>2026-04-10T10:11:06Z</time><speed>7.460</speed><sat>34</sat></trkpt>
  <trkpt lat="31.71293580" lon="34.98924913"><ele>375.000</ele><time>2026-04-10T10:11:07Z</time><speed>7.190</speed><sat>33</sat></trkpt>
  <trkpt lat="31.71299301" lon="34.98921761"><ele>376.000</ele><time>2026-04-10T10:11:08Z</time><speed>6.540</speed><sat>34</sat></trkpt>
  <trkpt lat="31.71303618" lon="34.98918945"><ele>377.000</ele><time>2026-04-10T10:11:09Z</time><speed>4.580</speed><sat>35</sat></trkpt>
  <trkpt lat="31.71306162" lon="34.98916824"><ele>376.000</ele><time>2026-04-10T10:11:10Z</time><speed>2.390</speed><sat>35</sat></trkpt>
  <trkpt lat="31.71307603" lon="34.98916347"><ele>376.000</ele><time>2026-04-10T10:11:11Z</time><speed>1.010</speed><sat>36</sat></trkpt>
  <trkpt lat="31.71308240" lon="34.98916271"><ele>375.000</ele><time>2026-04-10T10:11:12Z</time><speed>0.290</speed><sat>34</sat></trkpt>
  <trkpt lat="31.71308299" lon="34.98916011"><ele>375.000</ele><time>2026-04-10T10:11:13Z</time><speed>0.040</speed><sat>34</sat></trkpt>
  <trkpt lat="31.71308324" lon="34.98916003"><ele>375.000</ele><time>2026-04-10T10:11:14Z</time><speed>0.000</speed><sat>33</sat></trkpt>
  <trkpt lat="31.71308538" lon="34.98915626"><ele>375.000</ele><time>2026-04-10T10:11:15Z</time><speed>0.790</speed><sat>34</sat></trkpt>
  <trkpt lat="31.71309753" lon="34.98915022"><ele>375.000</ele><time>2026-04-10T10:11:16Z</time><speed>2.040</speed><sat>34</sat></trkpt>
  <trkpt lat="31.71312176" lon="34.98913581"><ele>374.000</ele><time>2026-04-10T10:11:17Z</time><speed>3.990</speed><sat>35</sat></trkpt>
  <trkpt lat="31.71316052" lon="34.98911996"><ele>374.000</ele><time>2026-04-10T10:11:18Z</time><speed>5.480</speed><sat>35</sat></trkpt>
  <trkpt lat="31.71321312" lon="34.98910370"><ele>374.000</ele><time>2026-04-10T10:11:19Z</time><speed>6.520</speed><sat>35</sat></trkpt>
  <trkpt lat="31.71327401" lon="34.98909432"><ele>375.000</ele><time>2026-04-10T10:11:20Z</time><speed>6.520</speed><sat>36</sat></trkpt>
  <trkpt lat="31.71333747" lon="34.98909230"><ele>375.000</ele><time>2026-04-10T10:11:21Z</time><speed>6.770</speed><sat>36</sat></trkpt>
  <trkpt lat="31.71341139" lon="34.98908308"><ele>374.000</ele><time>2026-04-10T10:11:22Z</time><speed>7.480</speed><sat>34</sat></trkpt>
  <trkpt lat="31.71348905" lon="34.98907889"><ele>374.000</ele><time>2026-04-10T10:11:23Z</time><speed>8.320</speed><sat>35</sat></trkpt>
  <trkpt lat="31.71357010" lon="34.98906523"><ele>373.000</ele><time>2026-04-10T10:11:24Z</time><speed>8.410</speed><sat>35</sat></trkpt>
  <trkpt lat="31.71364785" lon="34.98906523"><ele>373.000</ele><time>2026-04-10T10:11:25Z</time><speed>8.500</speed><sat>35</sat></trkpt>
  <trkpt lat="31.71372689" lon="34.98906850"><ele>372.000</ele><time>2026-04-10T10:11:26Z</time><speed>8.680</speed><sat>36</sat></trkpt>
  <trkpt lat="31.71380698" lon="34.98906909"><ele>371.000</ele><time>2026-04-10T10:11:27Z</time><speed>8.690</speed><sat>36</sat></trkpt>
  <trkpt lat="31.71387567" lon="34.98907688"><ele>370.000</ele><time>2026-04-10T10:11:28Z</time><speed>7.450</speed><sat>36</sat></trkpt>
  <trkpt lat="31.71394176" lon="34.98907856"><ele>370.000</ele><time>2026-04-10T10:11:29Z</time><speed>7.190</speed><sat>36</sat></trkpt>
  <trkpt lat="31.71400290" lon="34.98908442"><ele>370.000</ele><time>2026-04-10T10:11:30Z</time><speed>6.210</speed><sat>37</sat></trkpt>
  <trkpt lat="31.71405730" lon="34.98909373"><ele>370.000</ele><time>2026-04-10T10:11:31Z</time><speed>5.980</speed><sat>36</sat></trkpt>
  <trkpt lat="31.71410994" lon="34.98911058"><ele>370.000</ele><time>2026-04-10T10:11:32Z</time><speed>5.790</speed><sat>32</sat></trkpt>
  <trkpt lat="31.71415659" lon="34.98912466"><ele>370.000</ele><time>2026-04-10T10:11:33Z</time><speed>5.530</speed><sat>34</sat></trkpt>
  <trkpt lat="31.71420109" lon="34.98913916"><ele>370.000</ele><time>2026-04-10T10:11:34Z</time><speed>5.270</speed><sat>35</sat></trkpt>
  <trkpt lat="31.71423567" lon="34.98915693"><ele>370.000</ele><time>2026-04-10T10:11:35Z</time><speed>4.900</speed><sat>37</sat></trkpt>
  <trkpt lat="31.71427641" lon="34.98917218"><ele>370.000</ele><time>2026-04-10T10:11:36Z</time><speed>4.170</speed><sat>36</sat></trkpt>
  <trkpt lat="31.71430076" lon="34.98917193"><ele>371.000</ele><time>2026-04-10T10:11:37Z</time><speed>2.450</speed><sat>36</sat></trkpt>
  <trkpt lat="31.71431798" lon="34.98918886"><ele>372.000</ele><time>2026-04-10T10:11:38Z</time><speed>1.860</speed><sat>36</sat></trkpt>
  <trkpt lat="31.71433085" lon="34.98919783"><ele>372.000</ele><time>2026-04-10T10:11:39Z</time><speed>0.580</speed><sat>38</sat></trkpt>
  <trkpt lat="31.71433826" lon="34.98920487"><ele>371.000</ele><time>2026-04-10T10:11:40Z</time><speed>0.150</speed><sat>37</sat></trkpt>
  <trkpt lat="31.71433961" lon="34.98920236"><ele>371.000</ele><time>2026-04-10T10:11:41Z</time><speed>0.030</speed><sat>36</sat></trkpt>
  <trkpt lat="31.71433961" lon="34.98920236"><ele>371.000</ele><time>2026-04-10T10:11:42Z</time><speed>0.000</speed><sat>37</sat></trkpt>
  <trkpt lat="31.71433969" lon="34.98920236"><ele>371.000</ele><time>2026-04-10T10:11:43Z</time><speed>0.000</speed><sat>37</sat></trkpt>
  <trkpt lat="31.71433969" lon="34.98920236"><ele>371.000</ele><time>2026-04-10T10:11:44Z</time><speed>0.000</speed><sat>35</sat></trkpt>
  <trkpt lat="31.71433969" lon="34.98920236"><ele>371.000</ele><time>2026-04-10T10:11:45Z</time><speed>0.000</speed><sat>37</sat></trkpt>
  <trkpt lat="31.71433969" lon="34.98920236"><ele>371.000</ele><time>2026-04-10T10:11:46Z</time><speed>0.000</speed><sat>38</sat></trkpt>
  <trkpt lat="31.71433969" lon="34.98920236"><ele>371.000</ele><time>2026-04-10T10:11:47Z</time><speed>0.000</speed><sat>38</sat></trkpt>
  <trkpt lat="31.71434619" lon="34.98920856"><ele>371.000</ele><time>2026-04-10T10:11:48Z</time><speed>1.010</speed><sat>36</sat></trkpt>
  <trkpt lat="31.71435775" lon="34.98921485"><ele>372.000</ele><time>2026-04-10T10:11:49Z</time><speed>1.220</speed><sat>36</sat></trkpt>
  <trkpt lat="31.71437062" lon="34.98922172"><ele>372.000</ele><time>2026-04-10T10:11:50Z</time><speed>1.370</speed><sat>38</sat></trkpt>
  <trkpt lat="31.71438822" lon="34.98922935"><ele>373.000</ele><time>2026-04-10T10:11:51Z</time><speed>1.570</speed><sat>38</sat></trkpt>
  <trkpt lat="31.71440410" lon="34.98924695"><ele>373.000</ele><time>2026-04-10T10:11:52Z</time><speed>1.940</speed><sat>36</sat></trkpt>
  <trkpt lat="31.71442611" lon="34.98925843"><ele>373.000</ele><time>2026-04-10T10:11:53Z</time><speed>2.360</speed><sat>37</sat></trkpt>
  <trkpt lat="31.71444719" lon="34.98927461"><ele>373.000</ele><time>2026-04-10T10:11:54Z</time><speed>2.430</speed><sat>37</sat></trkpt>
  <trkpt lat="31.71446923" lon="34.98930034"><ele>373.000</ele><time>2026-04-10T10:11:55Z</time><speed>3.650</speed><sat>38</sat></trkpt>
  <trkpt lat="31.71449258" lon="34.98932281"><ele>372.000</ele><time>2026-04-10T10:11:56Z</time><speed>2.220</speed><sat>36</sat></trkpt>
  <trkpt lat="31.71450817" lon="34.98933219"><ele>371.000</ele><time>2026-04-10T10:11:57Z</time><speed>1.230</speed><sat>38</sat></trkpt>
  <trkpt lat="31.71451676" lon="34.98934259"><ele>371.000</ele><time>2026-04-10T10:11:58Z</time><speed>1.240</speed><sat>37</sat></trkpt>
  <trkpt lat="31.71452686" lon="34.98935642"><ele>370.000</ele><time>2026-04-10T10:11:59Z</time><speed>1.620</speed><sat>37</sat></trkpt>
  <trkpt lat="31.71453889" lon="34.98936723"><ele>370.000</ele><time>2026-04-10T10:12:00Z</time><speed>1.570</speed><sat>36</sat></trkpt>
  <trkpt lat="31.71455267" lon="34.98937687"><ele>370.000</ele><time>2026-04-10T10:12:01Z</time><speed>1.080</speed><sat>38</sat></trkpt>
  <trkpt lat="31.71456361" lon="34.98938047"><ele>370.000</ele><time>2026-04-10T10:12:02Z</time><speed>0.900</speed><sat>36</sat></trkpt>
  <trkpt lat="31.71456298" lon="34.98938366"><ele>370.000</ele><time>2026-04-10T10:12:03Z</time><speed>0.400</speed><sat>35</sat></trkpt>
  <trkpt lat="31.71456701" lon="34.98938500"><ele>370.000</ele><time>2026-04-10T10:12:04Z</time><speed>0.330</speed><sat>35</sat></trkpt>
  <trkpt lat="31.71456872" lon="34.98938634"><ele>370.000</ele><time>2026-04-10T10:12:05Z</time><speed>0.290</speed><sat>35</sat></trkpt>
  <trkpt lat="31.71457149" lon="34.98938693"><ele>371.000</ele><time>2026-04-10T10:12:06Z</time><speed>0.000</speed><sat>36</sat></trkpt>
  <trkpt lat="31.71457149" lon="34.98938693"><ele>371.000</ele><time>2026-04-10T10:12:07Z</time><speed>0.000</speed><sat>36</sat></trkpt>
  <trkpt lat="31.71457149" lon="34.98938693"><ele>371.000</ele><time>2026-04-10T10:12:08Z</time><speed>0.000</speed><sat>36</sat></trkpt>
  <trkpt lat="31.71458306" lon="34.98938793"><ele>371.000</ele><time>2026-04-10T10:12:09Z</time><speed>1.080</speed><sat>37</sat></trkpt>
  <trkpt lat="31.71460079" lon="34.98939782"><ele>371.000</ele><time>2026-04-10T10:12:10Z</time><speed>1.600</speed><sat>36</sat></trkpt>
  <trkpt lat="31.71461462" lon="34.98940713"><ele>370.000</ele><time>2026-04-10T10:12:11Z</time><speed>1.820</speed><sat>36</sat></trkpt>
  <trkpt lat="31.71463218" lon="34.98941375"><ele>370.000</ele><time>2026-04-10T10:12:12Z</time><speed>1.910</speed><sat>35</sat></trkpt>
  <trkpt lat="31.71465879" lon="34.98941476"><ele>370.000</ele><time>2026-04-10T10:12:13Z</time><speed>2.500</speed><sat>36</sat></trkpt>
  <trkpt lat="31.71469169" lon="34.98941157"><ele>370.000</ele><time>2026-04-10T10:12:14Z</time><speed>2.770</speed><sat>37</sat></trkpt>
  <trkpt lat="31.71471298" lon="34.98938785"><ele>370.000</ele><time>2026-04-10T10:12:15Z</time><speed>3.210</speed><sat>37</sat></trkpt>
  <trkpt lat="31.71472287" lon="34.98934887"><ele>370.000</ele><time>2026-04-10T10:12:16Z</time><speed>3.610</speed><sat>38</sat></trkpt>
  <trkpt lat="31.71472794" lon="34.98930696"><ele>370.000</ele><time>2026-04-10T10:12:17Z</time><speed>2.740</speed><sat>38</sat></trkpt>
  <trkpt lat="31.71472823" lon="34.98927905"><ele>370.000</ele><time>2026-04-10T10:12:18Z</time><speed>1.450</speed><sat>38</sat></trkpt>
  <trkpt lat="31.71472978" lon="34.98926480"><ele>371.000</ele><time>2026-04-10T10:12:19Z</time><speed>1.350</speed><sat>39</sat></trkpt>
  <trkpt lat="31.71473020" lon="34.98925340"><ele>371.000</ele><time>2026-04-10T10:12:20Z</time><speed>0.920</speed><sat>39</sat></trkpt>
  <trkpt lat="31.71473154" lon="34.98924561"><ele>371.000</ele><time>2026-04-10T10:12:21Z</time><speed>0.530</speed><sat>38</sat></trkpt>
  <trkpt lat="31.71473150" lon="34.98924485"><ele>371.000</ele><time>2026-04-10T10:12:22Z</time><speed>0.000</speed><sat>37</sat></trkpt>
  <trkpt lat="31.71473150" lon="34.98924485"><ele>371.000</ele><time>2026-04-10T10:12:23Z</time><speed>0.000</speed><sat>37</sat></trkpt>
  <trkpt lat="31.71473150" lon="34.98924485"><ele>371.000</ele><time>2026-04-10T10:12:24Z</time><speed>0.000</speed><sat>37</sat></trkpt>
  <trkpt lat="31.71473150" lon="34.98924485"><ele>371.000</ele><time>2026-04-10T10:12:25Z</time><speed>0.000</speed><sat>37</sat></trkpt>
  <trkpt lat="31.71473150" lon="34.98924485"><ele>371.000</ele><time>2026-04-10T10:12:26Z</time><speed>0.000</speed><sat>37</sat></trkpt>
  <trkpt lat="31.71473150" lon="34.98924485"><ele>371.000</ele><time>2026-04-10T10:12:27Z</time><speed>0.000</speed><sat>37</sat></trkpt>
  <trkpt lat="31.71473150" lon="34.98924485"><ele>371.000</ele><time>2026-04-10T10:12:28Z</time><speed>0.000</speed><sat>36</sat></trkpt>
  <trkpt lat="31.71473150" lon="34.98924485"><ele>371.000</ele><time>2026-04-10T10:12:29Z</time><speed>0.000</speed><sat>36</sat></trkpt>
  <trkpt lat="31.71472656" lon="34.98923723"><ele>371.000</ele><time>2026-04-10T10:12:30Z</time><speed>0.880</speed><sat>38</sat></trkpt>
  <trkpt lat="31.71472664" lon="34.98921325"><ele>372.000</ele><time>2026-04-10T10:12:31Z</time><speed>3.130</speed><sat>37</sat></trkpt>
  <trkpt lat="31.71472383" lon="34.98917017"><ele>372.000</ele><time>2026-04-10T10:12:32Z</time><speed>4.390</speed><sat>37</sat></trkpt>
  <trkpt lat="31.71471151" lon="34.98909675"><ele>372.000</ele><time>2026-04-10T10:12:33Z</time><speed>5.810</speed><sat>38</sat></trkpt>
  <trkpt lat="31.71472174" lon="34.98903455"><ele>372.000</ele><time>2026-04-10T10:12:34Z</time><speed>7.050</speed><sat>39</sat></trkpt>
  <trkpt lat="31.71476042" lon="34.98897236"><ele>371.000</ele><time>2026-04-10T10:12:35Z</time><speed>7.020</speed><sat>39</sat></trkpt>
  <trkpt lat="31.71477911" lon="34.98890857"><ele>371.000</ele><time>2026-04-10T10:12:36Z</time><speed>4.770</speed><sat>38</sat></trkpt>
  <trkpt lat="31.71480057" lon="34.98887278"><ele>372.000</ele><time>2026-04-10T10:12:37Z</time><speed>3.440</speed><sat>37</sat></trkpt>
  <trkpt lat="31.71481763" lon="34.98884571"><ele>371.000</ele><time>2026-04-10T10:12:38Z</time><speed>2.490</speed><sat>39</sat></trkpt>
  <trkpt lat="31.71482362" lon="34.98883112"><ele>371.000</ele><time>2026-04-10T10:12:39Z</time><speed>0.830</speed><sat>37</sat></trkpt>
  <trkpt lat="31.71482215" lon="34.98882995"><ele>371.000</ele><time>2026-04-10T10:12:40Z</time><speed>0.650</speed><sat>38</sat></trkpt>
  <trkpt lat="31.71481754" lon="34.98882324"><ele>371.000</ele><time>2026-04-10T10:12:41Z</time><speed>0.860</speed><sat>38</sat></trkpt>
  <trkpt lat="31.71481419" lon="34.98881444"><ele>371.000</ele><time>2026-04-10T10:12:42Z</time><speed>0.400</speed><sat>39</sat></trkpt>
  <trkpt lat="31.71480660" lon="34.98880891"><ele>371.000</ele><time>2026-04-10T10:12:43Z</time><speed>0.400</speed><sat>37</sat></trkpt>
  <trkpt lat="31.71480526" lon="34.98880497"><ele>371.000</ele><time>2026-04-10T10:12:44Z</time><speed>0.300</speed><sat>37</sat></trkpt>
 </trkseg>
</trk>

</gpx>
 